date,secid_iss,close,legal_close,split_factor,close_raw,legal_close_raw,numtrades,value_rub,volume_shares_post_split,in_5y_window
2019-10-28,TCSG,120.6,120.6,10,1206.0,1206.0,3420,245462320.4,2047660,0
2019-10-29,TCSG,121.98,121.98,10,1219.8,1219.8,1923,82888163.2,683820,0
2019-10-30,TCSG,121.7,121.7,10,1217.0,1217.0,1395,44656578.0,366910,0
2019-10-31,TCSG,121.6,121.6,10,1216.0,1216.0,778,23469279.2,193260,0
2019-11-01,TCSG,121.4,121.4,10,1214.0,1214.0,826,20215418.4,166250,0
2019-11-05,TCSG,119.8,119.8,10,1198.0,1198.0,1423,73869925.4,613470,0
2019-11-06,TCSG,120.86,120.98,10,1208.6,1209.8,789,26181538.0,217170,0
2019-11-07,TCSG,122.58,122.58,10,1225.8,1225.8,764,46531750.0,382220,0
2019-11-08,TCSG,122.28,122.12,10,1222.8,1221.2,1007,24803493.0,202500,0
2019-11-11,TCSG,122.2,122.2,10,1222.0,1222.0,511,8679139.2,70940,0
2019-11-12,TCSG,123.56,123.56,10,1235.6,1235.6,647,33690928.2,273930,0
2019-11-13,TCSG,123.94,123.94,10,1239.4,1239.4,691,41660630.2,336440,0
2019-11-14,TCSG,126.12,126.12,10,1261.2,1261.2,1430,106614107.0,846000,0
2019-11-15,TCSG,125.0,125.0,10,1250.0,1250.0,862,42369663.2,337130,0
2019-11-18,TCSG,125.5,125.3,10,1255.0,1253.0,889,55223550.4,439250,0
2019-11-19,TCSG,124.1,124.1,10,1241.0,1241.0,2150,160804778.4,1285230,0
2019-11-20,TCSG,121.58,121.58,10,1215.8,1215.8,3524,154871162.0,1260200,0
2019-11-21,TCSG,121.08,121.08,10,1210.8,1210.8,1779,77120138.4,634520,0
2019-11-22,TCSG,120.2,120.2,10,1202.0,1202.0,2087,96602649.2,802170,0
2019-11-25,TCSG,120.6,120.6,10,1206.0,1206.0,1611,62798726.0,520660,0
2019-11-26,TCSG,119.94,119.78,10,1199.4,1197.8,1847,154526592.0,1282260,0
2019-11-27,TCSG,120.3,120.3,10,1203.0,1203.0,1249,85051236.6,706400,0
2019-11-28,TCSG,119.42,119.42,10,1194.2,1194.2,1517,140420088.4,1172150,0
2019-11-29,TCSG,118.58,118.58,10,1185.8,1185.8,2003,104009952.6,878470,0
2019-12-02,TCSG,117.64,117.6,10,1176.4,1176.0,1646,73634677.0,623590,0
2019-12-03,TCSG,113.3,113.3,10,1133.0,1133.0,3111,146725827.4,1272040,0
2019-12-04,TCSG,114.0,114.0,10,1140.0,1140.0,1439,38587988.4,340080,0
2019-12-05,TCSG,116.78,116.78,10,1167.8,1167.8,1538,83154006.4,720130,0
2019-12-06,TCSG,118.62,118.62,10,1186.2,1186.2,1996,147879936.0,1251070,0
2019-12-09,TCSG,122.84,122.84,10,1228.4,1228.4,2668,108597979.0,897120,0
2019-12-10,TCSG,123.88,123.88,10,1238.8,1238.8,2907,195496159.6,1582390,0
2019-12-11,TCSG,123.48,123.48,10,1234.8,1234.8,3126,128517597.0,1028070,0
2019-12-12,TCSG,123.5,123.5,10,1235.0,1235.0,2012,217107686.6,1760370,0
2019-12-13,TCSG,125.72,125.72,10,1257.2,1257.2,1899,115487374.4,925580,0
2019-12-16,TCSG,130.0,130.0,10,1300.0,1300.0,3442,313549093.2,2444730,0
2019-12-17,TCSG,129.96,129.96,10,1299.6,1299.6,3694,117629369.0,904480,0
2019-12-18,TCSG,132.24,132.24,10,1322.4,1322.4,3376,154609998.8,1173070,0
2019-12-19,TCSG,134.0,134.0,10,1340.0,1340.0,4257,265925358.0,2001520,0
2019-12-20,TCSG,128.56,128.56,10,1285.6,1285.6,9286,240208094.0,1835080,0
2019-12-23,TCSG,130.46,130.46,10,1304.6,1304.6,4027,73997952.4,568530,0
2019-12-24,TCSG,131.0,131.0,10,1310.0,1310.0,1914,55664494.6,426820,0
2019-12-25,TCSG,131.38,131.38,10,1313.8,1313.8,1701,47212737.2,361770,0
2019-12-26,TCSG,130.5,130.5,10,1305.0,1305.0,2114,33651797.8,258350,0
2019-12-27,TCSG,130.86,130.86,10,1308.6,1308.6,2767,86062830.0,658640,0
2019-12-30,TCSG,131.12,131.12,10,1311.2,1311.2,1641,49835201.8,381210,0
2020-01-03,TCSG,133.24,133.24,10,1332.4,1332.4,3586,115661375.8,860370,0
2020-01-06,TCSG,132.28,132.28,10,1322.8,1322.8,2497,71864157.0,543940,0
2020-01-08,TCSG,135.02,135.02,10,1350.2,1350.2,2191,92213837.2,691110,0
2020-01-09,TCSG,136.68,136.68,10,1366.8,1366.8,2898,88277620.0,650270,0
2020-01-10,TCSG,139.84,139.84,10,1398.4,1398.4,4188,101292419.2,733450,0
2020-01-13,TCSG,142.64,142.64,10,1426.4,1426.4,19068,438536040.0,3094490,0
2020-01-14,TCSG,142.64,142.64,10,1426.4,1426.4,15924,580256288.8,4050800,0
2020-01-15,TCSG,145.38,145.38,10,1453.8,1453.8,15441,634969550.0,4391500,0
2020-01-16,TCSG,145.2,145.2,10,1452.0,1452.0,33308,1024086305.4,6963920,0
2020-01-17,TCSG,146.52,146.52,10,1465.2,1465.2,7500,252639893.0,1734320,0
2020-01-20,TCSG,147.32,147.32,10,1473.2,1473.2,7718,252606195.8,1715560,0
2020-01-21,TCSG,144.8,144.8,10,1448.0,1448.0,12564,423936712.6,2906980,0
2020-01-22,TCSG,144.48,144.48,10,1444.8,1444.8,16575,502084768.0,3464070,0
2020-01-23,TCSG,143.64,143.64,10,1436.4,1436.4,22819,484650518.2,3350860,0
2020-01-24,TCSG,143.74,143.74,10,1437.4,1437.4,11335,356550698.0,2470160,0
2020-01-27,TCSG,139.92,139.92,10,1399.2,1399.2,7799,353877184.0,2490920,0
2020-01-28,TCSG,145.0,145.0,10,1450.0,1450.0,6452,265314586.4,1856450,0
2020-01-29,TCSG,146.8,146.8,10,1468.0,1468.0,7614,332725656.8,2300340,0
2020-01-30,TCSG,148.62,148.62,10,1486.2,1486.2,1838,74935761.8,509120,0
2020-01-31,TCSG,151.5,151.5,10,1515.0,1515.0,5168,137454008.6,911600,0
2020-02-03,TCSG,154.5,154.5,10,1545.0,1545.0,8270,306691554.0,1988870,0
2020-02-04,TCSG,159.04,159.04,10,1590.4,1590.4,6985,342655459.8,2156040,0
2020-02-05,TCSG,163.52,163.52,10,1635.2,1635.2,15926,579400283.0,3561810,0
2020-02-06,TCSG,164.52,164.52,10,1645.2,1645.2,9556,361656962.2,2187450,0
2020-02-07,TCSG,166.2,166.2,10,1662.0,1662.0,5334,231905363.4,1398040,0
2020-02-10,TCSG,167.06,167.06,10,1670.6,1670.6,7206,296210206.6,1764830,0
2020-02-11,TCSG,168.48,168.48,10,1684.8,1684.8,7855,305525477.4,1828030,0
2020-02-12,TCSG,167.16,167.16,10,1671.6,1671.6,5960,159489298.4,959630,0
2020-02-13,TCSG,165.78,165.78,10,1657.8,1657.8,3440,121033651.2,728400,0
2020-02-14,TCSG,165.0,165.0,10,1650.0,1650.0,5498,146837009.4,896700,0
2020-02-17,TCSG,161.02,161.02,10,1610.2,1610.2,5714,207440521.2,1288590,0
2020-02-18,TCSG,160.4,160.4,10,1604.0,1604.0,4618,144801298.0,899520,0
2020-02-19,TCSG,162.48,162.48,10,1624.8,1624.8,2595,88413297.0,548830,0
2020-02-20,TCSG,164.44,164.44,10,1644.4,1644.4,3871,147085540.2,891890,0
2020-02-21,TCSG,163.16,163.16,10,1631.6,1631.6,3757,118054821.6,722030,0
2020-02-25,TCSG,159.06,159.06,10,1590.6,1590.6,6215,242154694.0,1519160,0
2020-02-26,TCSG,159.52,159.52,10,1595.2,1595.2,10445,535995299.0,3430600,0
2020-02-27,TCSG,155.1,155.1,10,1551.0,1551.0,6851,297493671.8,1907790,0
2020-02-28,TCSG,147.42,147.42,10,1474.2,1474.2,12426,602815782.6,4161360,0
2020-03-02,TCSG,143.74,143.74,10,1437.4,1437.4,19689,658290013.0,4596410,0
2020-03-03,TCSG,141.96,141.96,10,1419.6,1419.6,10778,341249869.8,2440120,0
2020-03-04,TCSG,145.44,145.44,10,1454.4,1454.4,10258,288174090.6,2030700,0
2020-03-05,TCSG,148.2,148.2,10,1482.0,1482.0,8934,288305074.2,1970180,0
2020-03-06,TCSG,111.66,111.66,10,1116.6,1116.6,37485,1103894806.8,8997710,0
2020-03-10,TCSG,113.1,113.1,10,1131.0,1131.0,31145,713542525.6,6263470,0
2020-03-11,TCSG,116.72,116.72,10,1167.2,1167.2,30260,1007486684.8,8460210,0
2020-03-12,TCSG,96.06,96.06,10,960.6,960.6,29263,617180911.0,5933420,0
2020-03-13,TCSG,104.5,104.5,10,1045.0,1045.0,22221,473681493.2,4580340,0
2020-03-16,TCSG,101.08,101.08,10,1010.8,1010.8,16006,428075667.0,4284380,0
2020-03-17,TCSG,93.46,93.46,10,934.6,934.6,13125,297331085.2,3079740,0
2020-03-18,TCSG,87.38,87.38,10,873.8,873.8,17055,419147593.0,4698270,0
2020-03-19,TCSG,93.4,93.4,10,934.0,934.0,20393,376861953.2,4266330,0
2020-03-20,TCSG,98.7,98.7,10,987.0,987.0,13395,327912713.4,3330100,0
2020-03-23,TCSG,92.42,92.42,10,924.2,924.2,10911,399579004.8,4323530,0
2020-03-24,TCSG,95.16,95.16,10,951.6,951.6,11099,290615870.4,3029220,0
2020-03-25,TCSG,96.04,96.04,10,960.4,960.4,16428,398977334.4,4061390,0
2020-03-26,TCSG,94.0,94.0,10,940.0,940.0,12687,320825014.8,3433040,0
2020-03-27,TCSG,88.2,88.2,10,882.0,882.0,13235,184275917.6,2024180,0
2020-03-30,TCSG,83.18,83.18,10,831.8,831.8,20673,501613678.4,5979480,0
2020-03-31,TCSG,90.0,90.0,10,900.0,900.0,28030,677033439.2,7672250,0
2020-04-01,TCSG,86.08,86.08,10,860.8,860.8,11626,318614198.0,3640920,0
2020-04-02,TCSG,83.5,83.5,10,835.0,835.0,26102,770926556.6,9126070,0
2020-04-03,TCSG,86.2,86.2,10,862.0,862.0,13339,507261981.4,5930200,0
2020-04-06,TCSG,95.0,95.0,10,950.0,950.0,19455,777066795.6,8454620,0
2020-04-07,TCSG,95.62,95.62,10,956.2,956.2,27058,1506752721.0,15161430,0
2020-04-08,TCSG,95.9,95.9,10,959.0,959.0,23784,818801666.2,8621950,0
2020-04-09,TCSG,93.1,93.1,10,931.0,931.0,20011,983336222.0,10260300,0
2020-04-10,TCSG,94.06,94.06,10,940.6,940.6,7645,215121286.2,2307040,0
2020-04-13,TCSG,91.24,91.24,10,912.4,912.4,11609,325371426.2,3542950,0
2020-04-14,TCSG,94.0,94.0,10,940.0,940.0,13458,570774102.6,6067930,0
2020-04-15,TCSG,91.32,91.32,10,913.2,913.2,10248,449976867.0,4834660,0
2020-04-16,TCSG,89.1,89.1,10,891.0,891.0,14071,525120813.2,5763790,0
2020-04-17,TCSG,89.5,89.5,10,895.0,895.0,14478,450939952.6,5043470,0
2020-04-20,TCSG,87.5,87.5,10,875.0,875.0,14508,328296927.2,3731380,0
2020-04-21,TCSG,84.3,84.3,10,843.0,843.0,20110,700556569.6,8285290,0
2020-04-22,TCSG,85.8,85.8,10,858.0,858.0,11986,418423316.0,4919830,0
2020-04-23,TCSG,87.5,87.5,10,875.0,875.0,12122,675618247.6,7782830,0
2020-04-24,TCSG,90.4,90.4,10,904.0,904.0,15062,641148152.0,7123580,0
2020-04-27,TCSG,94.0,94.0,10,940.0,940.0,12956,635822045.6,6891910,0
2020-04-28,TCSG,99.9,99.9,10,999.0,999.0,21680,1012159866.8,10338980,0
2020-04-29,TCSG,102.5,102.5,10,1025.0,1025.0,14205,686684021.2,6723130,0
2020-04-30,TCSG,102.5,102.5,10,1025.0,1025.0,13229,667455020.4,6599800,0
2020-05-04,TCSG,102.0,102.0,10,1020.0,1020.0,6825,289489447.6,2872810,0
2020-05-05,TCSG,102.4,102.4,10,1024.0,1024.0,5196,164708141.0,1606710,0
2020-05-06,TCSG,101.48,101.48,10,1014.8,1014.8,8461,209436352.4,2041690,0
2020-05-07,TCSG,103.66,103.66,10,1036.6,1036.6,8135,345598721.8,3337100,0
2020-05-08,TCSG,103.84,103.84,10,1038.4,1038.4,4244,152470736.4,1469730,0
2020-05-12,TCSG,104.3,104.3,10,1043.0,1043.0,7689,242856334.6,2344670,0
2020-05-13,TCSG,104.08,104.08,10,1040.8,1040.8,14845,694228895.0,6644170,0
2020-05-14,TCSG,104.96,104.96,10,1049.6,1049.6,7991,427974565.4,4067460,0
2020-05-15,TCSG,107.0,107.0,10,1070.0,1070.0,8678,436221229.4,4075960,0
2020-05-18,TCSG,108.2,108.2,10,1082.0,1082.0,10749,484556046.4,4475910,0
2020-05-19,TCSG,110.28,110.28,10,1102.8,1102.8,10417,430781613.8,3966420,0
2020-05-20,TCSG,114.42,114.42,10,1144.2,1144.2,12702,534509987.0,4721200,0
2020-05-21,TCSG,116.72,116.72,10,1167.2,1167.2,13314,678908482.8,5880430,0
2020-05-22,TCSG,118.46,118.46,10,1184.6,1184.6,8050,414613724.2,3565800,0
2020-05-25,TCSG,121.34,121.34,10,1213.4,1213.4,11358,340387461.8,2812980,0
2020-05-26,TCSG,122.12,122.12,10,1221.2,1221.2,12469,513215100.8,4221630,0
2020-05-27,TCSG,124.58,124.58,10,1245.8,1245.8,14467,617489627.0,4935630,0
2020-05-28,TCSG,127.32,127.32,10,1273.2,1273.2,20359,765597848.6,6004880,0
2020-05-29,TCSG,125.3,125.3,10,1253.0,1253.0,17167,2907078837.8,23311350,0
2020-06-01,TCSG,120.38,120.38,10,1203.8,1203.8,16855,529879028.6,4345520,0
2020-06-02,TCSG,125.86,125.86,10,1258.6,1258.6,12771,572372342.6,4697510,0
2020-06-03,TCSG,123.56,123.56,10,1235.6,1235.6,9697,429214191.4,3433850,0
2020-06-04,TCSG,121.5,121.5,10,1215.0,1215.0,10641,339917205.2,2780340,0
2020-06-05,TCSG,122.24,122.24,10,1222.4,1222.4,7129,193175651.8,1584840,0
2020-06-08,TCSG,124.68,124.68,10,1246.8,1246.8,10371,334862941.6,2685030,0
2020-06-09,TCSG,121.4,121.4,10,1214.0,1214.0,14355,406406784.4,3361280,0
2020-06-10,TCSG,121.12,121.14,10,1211.2,1211.4,6006,188759246.4,1563970,0
2020-06-11,TCSG,120.5,120.5,10,1205.0,1205.0,8316,284949650.2,2376360,0
2020-06-15,TCSG,125.0,125.0,10,1250.0,1250.0,11758,433630794.6,3479820,0
2020-06-16,TCSG,131.28,131.28,10,1312.8,1312.8,23501,963122394.0,7371000,0
2020-06-17,TCSG,130.96,130.96,10,1309.6,1309.6,8836,270663928.8,2053120,0
2020-06-18,TCSG,133.5,133.5,10,1335.0,1335.0,13051,266156869.2,2015180,0
2020-06-19,TCSG,133.54,133.54,10,1335.4,1335.4,6712,142580182.0,1061260,0
2020-06-22,TCSG,137.18,137.18,10,1371.8,1371.8,10985,353982132.4,2636970,0
2020-06-23,TCSG,143.62,143.62,10,1436.2,1436.2,22286,565467896.6,3942820,0
2020-06-25,TCSG,145.74,145.74,10,1457.4,1457.4,13232,477951224.6,3282830,0
2020-06-26,TCSG,146.22,146.22,10,1462.2,1462.2,11383,369585560.8,2497670,0
2020-06-29,TCSG,145.8,145.8,10,1458.0,1458.0,11537,414174892.6,2855840,0
2020-06-30,TCSG,143.76,143.76,10,1437.6,1437.6,9528,391595651.0,2705790,0
2020-07-02,TCSG,144.7,144.7,10,1447.0,1447.0,7659,233415306.4,1637730,0
2020-07-03,TCSG,145.6,145.6,10,1456.0,1456.0,4739,109278993.6,748900,0
2020-07-06,TCSG,150.38,150.38,10,1503.8,1503.8,9000,257048412.2,1716180,0
2020-07-07,TCSG,149.0,149.0,10,1490.0,1490.0,7290,180679008.4,1212310,0
2020-07-08,TCSG,146.0,146.0,10,1460.0,1460.0,5251,108302538.4,740770,0
2020-07-09,TCSG,147.02,147.02,10,1470.2,1470.2,4181,101000815.8,688210,0
2020-07-10,TCSG,150.44,150.44,10,1504.4,1504.4,5934,173729338.4,1162130,0
2020-07-13,TCSG,154.06,154.06,10,1540.6,1540.6,7530,196888191.8,1283730,0
2020-07-14,TCSG,153.16,153.16,10,1531.6,1531.6,8013,237472357.4,1543240,0
2020-07-15,TCSG,158.3,158.3,10,1583.0,1583.0,5644,169655456.6,1087630,0
2020-07-16,TCSG,161.58,161.58,10,1615.8,1615.8,6928,168570130.8,1052600,0
2020-07-17,TCSG,165.58,165.58,10,1655.8,1655.8,11976,364205097.4,2198080,0
2020-07-20,TCSG,166.12,166.12,10,1661.2,1661.2,7435,217993896.6,1315310,0
2020-07-21,TCSG,172.26,172.26,10,1722.6,1722.6,12014,319038220.0,1862370,0
2020-07-22,TCSG,177.0,177.0,10,1770.0,1770.0,11962,319649365.2,1814690,0
2020-07-23,TCSG,175.6,175.6,10,1756.0,1756.0,12040,409458967.6,2339670,0
2020-07-24,TCSG,177.58,177.58,10,1775.8,1775.8,6694,175805647.2,1004440,0
2020-07-27,TCSG,183.2,183.2,10,1832.0,1832.0,10354,364099826.6,2008830,0
2020-07-28,TCSG,180.46,180.46,10,1804.6,1804.6,17715,616313580.8,3309770,0
2020-07-29,TCSG,181.8,181.8,10,1818.0,1818.0,11258,341348624.0,1876180,0
2020-07-30,TCSG,177.82,177.82,10,1778.2,1778.2,10916,332823873.0,1865500,0
2020-07-31,TCSG,187.0,187.0,10,1870.0,1870.0,10469,347156406.0,1884150,0
2020-08-03,TCSG,187.92,189.28,10,1879.2,1892.8,15792,473455688.0,2505410,0
2020-08-04,TCSG,188.4,188.36,10,1884.0,1883.6,5307,154276092.4,818950,0
2020-08-05,TCSG,195.14,192.6,10,1951.4,1926.0,10582,312109875.2,1627740,0
2020-08-06,TCSG,194.32,192.7,10,1943.2,1927.0,18354,548378392.8,2821910,0
2020-08-07,TCSG,191.9,191.0,10,1919.0,1910.0,9355,243757717.2,1261590,0
2020-08-10,TCSG,185.62,182.0,10,1856.2,1820.0,24793,700934732.0,3773510,0
2020-08-11,TCSG,180.0,179.8,10,1800.0,1798.0,15577,510288696.4,2783740,0
2020-08-12,TCSG,182.4,177.32,10,1824.0,1773.2,15055,405199342.4,2273090,0
2020-08-13,TCSG,177.0,175.8,10,1770.0,1758.0,15444,477047992.8,2687080,0
2020-08-14,TCSG,172.06,170.9,10,1720.6,1709.0,21246,544976005.2,3168060,0
2020-08-17,TCSG,178.84,179.3,10,1788.4,1793.0,22997,735032708.8,4198670,0
2020-08-18,TCSG,177.12,179.7,10,1771.2,1797.0,9840,269212568.2,1517170,0
2020-08-19,TCSG,180.4,183.72,10,1804.0,1837.2,14812,611947136.6,3385300,0
2020-08-20,TCSG,182.4,182.8,10,1824.0,1828.0,10678,486775148.0,2684140,0
2020-08-21,TCSG,189.2,189.38,10,1892.0,1893.8,14025,497245710.6,2647500,0
2020-08-24,TCSG,192.28,192.34,10,1922.8,1923.4,9548,235201881.0,1227260,0
2020-08-25,TCSG,200.0,198.72,10,2000.0,1987.2,13651,419829171.8,2127750,0
2020-08-26,TCSG,198.12,198.2,10,1981.2,1982.0,12900,400138879.2,2007380,0
2020-08-27,TCSG,189.5,189.94,10,1895.0,1899.4,17863,491147031.0,2564460,0
2020-08-28,TCSG,187.6,183.36,10,1876.0,1833.6,13739,361371644.6,1946430,0
2020-08-31,TCSG,189.34,195.04,10,1893.4,1950.4,12771,510082516.8,2664570,0
2020-09-01,TCSG,181.52,182.18,10,1815.2,1821.8,17899,611857398.4,3358610,0
2020-09-02,TCSG,183.58,186.96,10,1835.8,1869.6,11246,434251501.4,2372930,0
2020-09-03,TCSG,178.8,179.2,10,1788.0,1792.0,10009,424329977.4,2331340,0
2020-09-04,TCSG,180.0,179.46,10,1800.0,1794.6,8753,324164447.0,1811590,0
2020-09-07,TCSG,188.82,189.9,10,1888.2,1899.0,11404,457464473.0,2463570,0
2020-09-08,TCSG,184.5,183.76,10,1845.0,1837.6,11946,543640987.0,2927860,0
2020-09-09,TCSG,182.16,183.76,10,1821.6,1837.6,8771,387197324.2,2126990,0
2020-09-10,TCSG,183.94,184.0,10,1839.4,1840.0,6769,171322630.4,936330,0
2020-09-11,TCSG,182.1,180.4,10,1821.0,1804.0,7251,257321225.6,1408160,0
2020-09-14,TCSG,183.06,184.38,10,1830.6,1843.8,6909,233719368.4,1278840,0
2020-09-15,TCSG,191.68,192.0,10,1916.8,1920.0,13382,515977573.4,2729400,0
2020-09-16,TCSG,196.8,197.98,10,1968.0,1979.8,13259,519440486.4,2661060,0
2020-09-17,TCSG,196.32,197.76,10,1963.2,1977.6,15194,652896618.8,3294830,0
2020-09-18,TCSG,196.22,201.28,10,1962.2,2012.8,12037,473622463.0,2374950,0
2020-09-21,TCSG,195.42,195.08,10,1954.2,1950.8,11474,544665930.4,2783950,0
2020-09-22,TCSG,216.5,199.7,10,2165.0,1997.0,40025,1764923570.0,8506410,0
2020-09-23,TCSG,208.32,210.64,10,2083.2,2106.4,50498,2908296594.2,13755880,0
2020-09-24,TCSG,202.6,203.1,10,2026.0,2031.0,15237,872772287.6,4254860,0
2020-09-25,TCSG,202.84,203.56,10,2028.4,2035.6,17399,927516591.8,4636310,0
2020-09-28,TCSG,207.0,207.06,10,2070.0,2070.6,11724,630264079.0,3070870,0
2020-09-29,TCSG,207.42,207.46,10,2074.2,2074.6,8119,269299593.4,1302660,0
2020-09-30,TCSG,204.52,204.0,10,2045.2,2040.0,7623,349461226.2,1710490,0
2020-10-01,TCSG,200.6,201.5,10,2006.0,2015.0,8124,500829095.2,2470310,0
2020-10-02,TCSG,201.1,200.6,10,2011.0,2006.0,4868,195997422.0,973840,0
2020-10-05,TCSG,200.48,201.5,10,2004.8,2015.0,6882,197063215.2,984840,0
2020-10-06,TCSG,198.5,198.46,10,1985.0,1984.6,10674,342459304.0,1710740,0
2020-10-07,TCSG,195.58,196.08,10,1955.8,1960.8,7442,266830505.8,1356440,0
2020-10-08,TCSG,192.9,193.0,10,1929.0,1930.0,7702,400391155.0,2062430,0
2020-10-09,TCSG,198.58,199.2,10,1985.8,1992.0,11027,465746401.6,2366900,0
2020-10-12,TCSG,189.8,187.5,10,1898.0,1875.0,27576,1341413085.4,6988470,0
2020-10-13,TCSG,185.64,185.36,10,1856.4,1853.6,17641,760104090.6,4076290,0
2020-10-14,TCSG,190.54,191.0,10,1905.4,1910.0,17047,953368673.2,4987970,0
2020-10-15,TCSG,188.86,188.38,10,1888.6,1883.8,10014,372481662.0,1985010,0
2020-10-16,TCSG,182.76,182.5,10,1827.6,1825.0,31857,1257811096.4,6912020,0
2020-10-19,TCSG,176.66,177.0,10,1766.6,1770.0,15898,467597579.0,2615750,0
2020-10-20,TCSG,170.2,167.48,10,1702.0,1674.8,28678,1068417844.4,6097930,0
2020-10-21,TCSG,173.98,173.3,10,1739.8,1733.0,15505,646166032.4,3730330,0
2020-10-22,TCSG,180.54,179.0,10,1805.4,1790.0,13841,593675041.8,3322120,0
2020-10-23,TCSG,182.18,181.36,10,1821.8,1813.6,8061,248604353.6,1369900,0
2020-10-26,TCSG,187.78,188.94,10,1877.8,1889.4,20199,920337340.6,4911790,0
2020-10-27,TCSG,196.5,195.98,10,1965.0,1959.8,21635,1127472249.0,5843080,0
2020-10-28,TCSG,193.7,192.58,10,1937.0,1925.8,44329,2039657042.0,10226180,0
2020-10-29,TCSG,189.1,190.28,10,1891.0,1902.8,18413,445904746.4,2347050,0
2020-10-30,TCSG,187.22,188.8,10,1872.2,1888.0,11302,308435814.8,1657130,0
2020-11-02,TCSG,194.66,195.0,10,1946.6,1950.0,15004,450630317.4,2363860,0
2020-11-03,TCSG,198.92,200.76,10,1989.2,2007.6,13942,414136177.0,2095930,0
2020-11-05,TCSG,208.82,210.0,10,2088.2,2100.0,25855,1024593663.2,4932610,0
2020-11-06,TCSG,214.48,215.5,10,2144.8,2155.0,15580,564014758.2,2680270,0
2020-11-09,TCSG,213.6,213.42,10,2136.0,2134.2,20780,770426130.2,3560310,0
2020-11-10,TCSG,215.84,216.62,10,2158.4,2166.2,13208,579972280.8,2713560,0
2020-11-11,TCSG,227.9,227.9,10,2279.0,2279.0,24925,950830437.2,4307070,0
2020-11-12,TCSG,224.68,224.4,10,2246.8,2244.0,24179,727414132.2,3202770,0
2020-11-13,TCSG,233.76,231.98,10,2337.6,2319.8,15910,571600299.0,2480730,0
2020-11-16,TCSG,229.98,229.82,10,2299.8,2298.2,21160,715884583.8,3083170,0
2020-11-17,TCSG,228.44,229.38,10,2284.4,2293.8,15528,492032780.4,2135690,0
2020-11-18,TCSG,230.0,232.26,10,2300.0,2322.6,11959,534151252.6,2330190,0
2020-11-19,TCSG,226.1,226.32,10,2261.0,2263.2,10378,312978788.4,1369740,0
2020-11-20,TCSG,226.3,226.76,10,2263.0,2267.6,8385,224198713.8,990410,0
2020-11-23,TCSG,221.94,221.02,10,2219.4,2210.2,20729,647728108.4,2927370,0
2020-11-24,TCSG,220.12,219.6,10,2201.2,2196.0,11661,342529030.2,1561780,0
2020-11-25,TCSG,230.46,230.06,10,2304.6,2300.6,81687,7163063507.6,31411330,0
2020-11-26,TCSG,224.4,224.38,10,2244.0,2243.8,15437,442852684.2,1975850,0
2020-11-27,TCSG,228.98,229.2,10,2289.8,2292.0,12945,477163096.0,2085550,0
2020-11-30,TCSG,236.0,235.0,10,2360.0,2350.0,13298,764699062.2,3266970,0
2020-12-01,TCSG,237.3,238.0,10,2373.0,2380.0,11715,386698563.6,1640950,0
2020-12-02,TCSG,244.58,242.28,10,2445.8,2422.8,16425,531160622.0,2182310,0
2020-12-03,TCSG,236.82,236.5,10,2368.2,2365.0,19444,782749232.8,3290550,0
2020-12-04,TCSG,244.0,243.04,10,2440.0,2430.4,11072,366807825.4,1523370,0
2020-12-07,TCSG,238.7,239.84,10,2387.0,2398.4,13974,446504117.2,1857010,0
2020-12-08,TCSG,235.7,234.3,10,2357.0,2343.0,12081,395239514.2,1679460,0
2020-12-09,TCSG,245.66,248.86,10,2456.6,2488.6,17816,692776021.6,2829010,0
2020-12-10,TCSG,227.16,242.6,10,2271.6,2426.0,30723,1073301911.4,4573510,0
2020-12-11,TCSG,226.8,226.88,10,2268.0,2268.8,42953,2265336047.6,9907350,0
2020-12-14,TCSG,230.84,231.6,10,2308.4,2316.0,17171,696491186.8,3038280,0
2020-12-15,TCSG,238.38,239.66,10,2383.8,2396.6,15870,587545893.6,2483230,0
2020-12-16,TCSG,242.3,243.06,10,2423.0,2430.6,14458,674839789.0,2804760,0
2020-12-17,TCSG,244.6,245.1,10,2446.0,2451.0,19798,845963995.6,3463090,0
2020-12-18,TCSG,243.0,244.72,10,2430.0,2447.2,12518,543926356.2,2237480,0
2020-12-21,TCSG,238.22,233.34,10,2382.2,2333.4,20188,700220472.2,2968250,0
2020-12-22,TCSG,237.64,238.24,10,2376.4,2382.4,11299,430580599.6,1804150,0
2020-12-23,TCSG,236.64,235.72,10,2366.4,2357.2,5784,173799858.0,733590,0
2020-12-24,TCSG,235.5,236.38,10,2355.0,2363.8,6285,155175035.0,655520,0
2020-12-25,TCSG,234.32,232.9,10,2343.2,2329.0,6667,143898885.2,615270,0
2020-12-28,TCSG,236.52,236.62,10,2365.2,2366.2,7595,212777787.6,902260,0
2020-12-29,TCSG,236.02,235.76,10,2360.2,2357.6,9165,322022879.0,1366400,0
2020-12-30,TCSG,236.04,236.62,10,2360.4,2366.2,10742,357422520.0,1504390,0
2021-01-04,TCSG,247.3,251.42,10,2473.0,2514.2,18546,742670279.8,3016890,0
2021-01-05,TCSG,245.4,244.04,10,2454.0,2440.4,14065,565992336.6,2297160,0
2021-01-06,TCSG,246.98,246.02,10,2469.8,2460.2,13567,526621476.4,2133600,0
2021-01-08,TCSG,292.5,292.7,10,2925.0,2927.0,52097,2240076201.0,7963030,0
2021-01-11,TCSG,297.0,297.42,10,2970.0,2974.2,53221,2293889702.0,7571380,0
2021-01-12,TCSG,291.22,288.68,10,2912.2,2886.8,30931,1238621756.6,4265800,0
2021-01-13,TCSG,288.2,285.96,10,2882.0,2859.6,13355,483958705.0,1684010,0
2021-01-14,TCSG,300.82,302.0,10,3008.2,3020.0,19741,986541662.2,3315920,0
2021-01-15,TCSG,325.0,327.0,10,3250.0,3270.0,43376,2202730000.4,6822760,0
2021-01-18,TCSG,344.98,339.5,10,3449.8,3395.0,68391,3118880112.4,9120130,0
2021-01-19,TCSG,325.62,325.76,10,3256.2,3257.6,48902,2459951705.8,7401270,0
2021-01-20,TCSG,317.14,315.8,10,3171.4,3158.0,52385,3040302948.4,9521700,0
2021-01-21,TCSG,300.0,300.0,10,3000.0,3000.0,46606,2419059231.4,8036870,0
2021-01-22,TCSG,306.5,304.88,10,3065.0,3048.8,33275,1646347173.8,5436340,0
2021-01-25,TCSG,311.2,310.66,10,3112.0,3106.6,38231,1885912577.8,6053140,0
2021-01-26,TCSG,304.98,304.72,10,3049.8,3047.2,29334,1757351222.4,5731430,0
2021-01-27,TCSG,302.34,303.5,10,3023.4,3035.0,20675,1008620452.6,3335540,0
2021-01-28,TCSG,305.32,304.92,10,3053.2,3049.2,20459,987224051.8,3295600,0
2021-01-29,TCSG,309.08,308.18,10,3090.8,3081.8,24409,1355934373.2,4386350,0
2021-02-01,TCSG,324.3,323.38,10,3243.0,3233.8,25078,1289839183.6,4019450,0
2021-02-02,TCSG,322.36,321.04,10,3223.6,3210.4,22528,960094441.6,2975940,0
2021-02-03,TCSG,322.34,321.92,10,3223.4,3219.2,10711,540553179.6,1675840,0
2021-02-04,TCSG,319.92,317.08,10,3199.2,3170.8,14559,818490125.0,2564090,0
2021-02-05,TCSG,325.48,322.9,10,3254.8,3229.0,16474,813649502.2,2523490,0
2021-02-08,TCSG,340.0,338.2,10,3400.0,3382.0,24948,1317998839.6,3944650,0
2021-02-09,TCSG,347.46,346.5,10,3474.6,3465.0,51391,2303194472.4,6710020,0
2021-02-10,TCSG,359.46,354.34,10,3594.6,3543.4,102191,6012118136.0,16789730,0
2021-02-11,TCSG,353.06,352.56,10,3530.6,3525.6,29185,1759400810.8,4952600,0
2021-02-12,TCSG,355.9,353.64,10,3559.0,3536.4,28531,1590730075.8,4537120,0
2021-02-15,TCSG,359.8,358.78,10,3598.0,3587.8,36519,2286209149.2,6380800,0
2021-02-16,TCSG,375.84,373.5,10,3758.4,3735.0,32727,2203427786.8,6034360,0
2021-02-17,TCSG,390.0,388.28,10,3900.0,3882.8,54826,4165805554.4,10745780,0
2021-02-18,TCSG,384.1,392.7,10,3841.0,3927.0,51988,4088639007.0,10449650,0
2021-02-19,TCSG,406.0,407.48,10,4060.0,4074.8,52573,4153519593.8,10458970,0
2021-02-20,TCSG,424.9,422.52,10,4249.0,4225.2,30140,992913382.6,2361760,0
2021-02-22,TCSG,419.2,415.1,10,4192.0,4151.0,79132,6717858365.0,15966650,0
2021-02-24,TCSG,382.5,376.5,10,3825.0,3765.0,93570,6547829355.0,16921430,0
2021-02-25,TCSG,389.98,396.7,10,3899.8,3967.0,60147,4800292592.4,12319530,0
2021-02-26,TCSG,385.7,386.8,10,3857.0,3868.0,73891,26985431299.4,69495970,0
2021-03-01,TCSG,388.8,388.8,10,3888.0,3888.0,25022,1324513259.8,3418120,0
2021-03-02,TCSG,382.8,385.12,10,3828.0,3851.2,25726,1645372432.2,4248580,0
2021-03-03,TCSG,382.08,384.2,10,3820.8,3842.0,20931,1739912100.0,4527170,0
2021-03-04,TCSG,371.0,377.52,10,3710.0,3775.2,35199,1964593391.0,5271890,0
2021-03-05,TCSG,380.5,383.22,10,3805.0,3832.2,26355,1683475821.2,4435750,0
2021-03-09,TCSG,374.78,371.78,10,3747.8,3717.8,26183,1712757434.4,4602680,0
2021-03-10,TCSG,375.54,376.5,10,3755.4,3765.0,26779,1611897331.2,4260920,0
2021-03-11,TCSG,390.82,387.6,10,3908.2,3876.0,33855,2128275065.0,5654110,0
2021-03-12,TCSG,430.98,429.6,10,4309.8,4296.0,57172,3515065728.6,8459700,0
2021-03-15,TCSG,431.74,428.0,10,4317.4,4280.0,34563,2458688784.6,5690610,0
2021-03-16,TCSG,451.36,452.5,10,4513.6,4525.0,40769,3633726085.4,8099600,0
2021-03-17,TCSG,449.4,440.2,10,4494.0,4402.0,23640,2001484023.0,4472040,0
2021-03-18,TCSG,428.02,437.5,10,4280.2,4375.0,27893,1979846561.6,4491180,0
2021-03-19,TCSG,431.2,432.5,10,4312.0,4325.0,14656,1219968835.6,2836450,0
2021-03-22,TCSG,442.5,444.0,10,4425.0,4440.0,15630,777962122.0,1780350,0
2021-03-23,TCSG,426.94,432.0,10,4269.4,4320.0,17976,866497426.0,2004550,0
2021-03-24,TCSG,428.96,430.2,10,4289.6,4302.0,13146,850897703.0,1976770,0
2021-03-25,TCSG,433.98,431.4,10,4339.8,4314.0,8071,471705854.8,1096040,0
2021-03-26,TCSG,433.78,431.8,10,4337.8,4318.0,14118,991678391.4,2282860,0
2021-03-29,TCSG,432.92,436.64,10,4329.2,4366.4,8705,403593168.4,933100,0
2021-03-30,TCSG,447.52,450.32,10,4475.2,4503.2,23629,1574436190.6,3503470,0
2021-03-31,TCSG,443.6,440.7,10,4436.0,4407.0,14632,1141665875.2,2581260,0
2021-04-01,TCSG,456.88,451.36,10,4568.8,4513.6,23215,1696994544.6,3721840,0
2021-04-02,TCSG,469.62,470.0,10,4696.2,4700.0,16597,913541221.0,1956890,0
2021-04-05,TCSG,473.36,472.7,10,4733.6,4727.0,17805,830922481.4,1752800,0
2021-04-06,TCSG,470.04,471.7,10,4700.4,4717.0,25646,1532749069.0,3269650,0
2021-04-07,TCSG,459.08,455.0,10,4590.8,4550.0,30137,1854031246.6,4010290,0
2021-04-08,TCSG,454.5,455.5,10,4545.0,4555.0,19904,1345457962.8,2954080,0
2021-04-09,TCSG,455.88,452.5,10,4558.8,4525.0,16959,1085238230.4,2365000,0
2021-04-12,TCSG,456.0,456.56,10,4560.0,4565.6,16099,992106033.6,2185430,0
2021-04-13,TCSG,445.0,445.6,10,4450.0,4456.0,26093,1900422884.0,4239600,0
2021-04-14,TCSG,437.52,439.56,10,4375.2,4395.6,22733,1374893608.4,3146840,0
2021-04-15,TCSG,435.48,439.32,10,4354.8,4393.2,17066,962360205.4,2206240,0
2021-04-16,TCSG,458.88,464.3,10,4588.8,4643.0,26082,1530029741.2,3398290,0
2021-04-19,TCSG,456.06,459.9,10,4560.6,4599.0,12973,819810526.8,1795070,0
2021-04-20,TCSG,442.54,439.06,10,4425.4,4390.6,32266,2082315207.6,4675160,0
2021-04-21,TCSG,435.48,425.9,10,4354.8,4259.0,36414,2230424975.6,5163890,0
2021-04-22,TCSG,437.9,439.9,10,4379.0,4399.0,24294,1530387438.4,3470070,0
2021-04-23,TCSG,446.32,450.0,10,4463.2,4500.0,13837,1159417439.2,2606120,0
2021-04-26,TCSG,452.38,452.5,10,4523.8,4525.0,15117,913912321.6,2040140,0
2021-04-27,TCSG,447.7,447.1,10,4477.0,4471.0,15988,1192450317.4,2641820,0
2021-04-28,TCSG,442.0,437.98,10,4420.0,4379.8,19430,1260626124.8,2869510,0
2021-04-29,TCSG,431.9,430.86,10,4319.0,4308.6,22644,1342706548.6,3100420,0
2021-04-30,TCSG,436.14,434.78,10,4361.4,4347.8,16483,1322225112.8,3045580,0
2021-05-04,TCSG,444.4,443.5,10,4444.0,4435.0,14869,1037575899.6,2363780,0
2021-05-05,TCSG,445.48,447.0,10,4454.8,4470.0,9996,664768702.0,1497500,0
2021-05-06,TCSG,451.2,452.0,10,4512.0,4520.0,11269,919056115.4,2051020,0
2021-05-07,TCSG,452.38,454.0,10,4523.8,4540.0,10290,689384647.4,1529490,0
2021-05-10,TCSG,482.74,488.6,10,4827.4,4886.0,33156,2442396600.2,5097460,0
2021-05-11,TCSG,484.56,486.82,10,4845.6,4868.2,19448,1413256969.8,2949040,0
2021-05-12,TCSG,465.74,467.0,10,4657.4,4670.0,22892,1724655302.0,3655410,0
2021-05-13,TCSG,472.76,470.74,10,4727.6,4707.4,11786,943352303.0,2012900,0
2021-05-14,TCSG,461.0,463.3,10,4610.0,4633.0,10575,612449956.0,1312480,0
2021-05-17,TCSG,459.32,451.24,10,4593.2,4512.4,12388,778355132.6,1713100,0
2021-05-18,TCSG,463.68,464.5,10,4636.8,4645.0,11449,813530112.0,1757190,0
2021-05-19,TCSG,457.58,456.52,10,4575.8,4565.2,13831,986222636.6,2161150,0
2021-05-20,TCSG,464.5,467.0,10,4645.0,4670.0,14527,1087129266.0,2369940,0
2021-05-21,TCSG,473.02,476.04,10,4730.2,4760.4,11259,896362277.2,1896600,0
2021-05-24,TCSG,475.6,477.18,10,4756.0,4771.8,7788,543361404.2,1141630,0
2021-05-25,TCSG,480.92,480.7,10,4809.2,4807.0,9247,679652415.6,1419060,0
2021-05-26,TCSG,509.78,513.0,10,5097.8,5130.0,25789,1800923471.2,3597800,0
2021-05-27,TCSG,551.2,558.98,10,5512.0,5589.8,38552,6368873869.2,11616380,0
2021-05-28,TCSG,549.1,551.48,10,5491.0,5514.8,26362,2883340487.2,5235180,0
2021-05-31,TCSG,551.26,552.2,10,5512.6,5522.0,11730,891316736.6,1617620,0
2021-06-01,TCSG,547.22,549.46,10,5472.2,5494.6,22149,1857314568.8,3358030,0
2021-06-02,TCSG,531.5,533.0,10,5315.0,5330.0,40928,3709353545.8,7083040,0
2021-06-03,TCSG,518.3,516.5,10,5183.0,5165.0,23048,1977496477.0,3813940,0
2021-06-04,TCSG,530.84,531.0,10,5308.4,5310.0,33649,3019877216.0,5842440,0
2021-06-07,TCSG,523.0,523.0,10,5230.0,5230.0,15704,1216714324.8,2330270,0
2021-06-08,TCSG,516.0,515.96,10,5160.0,5159.6,13090,789073615.8,1525530,0
2021-06-09,TCSG,530.0,529.7,10,5300.0,5297.0,13370,1021556036.0,1948750,0
2021-06-10,TCSG,532.9,530.0,10,5329.0,5300.0,12349,1071217728.2,2010070,0
2021-06-11,TCSG,572.3,573.38,10,5723.0,5733.8,34551,2891308491.8,5154880,0
2021-06-14,TCSG,573.22,572.08,10,5732.2,5720.8,17563,1727498599.0,3018600,0
2021-06-15,TCSG,553.22,551.2,10,5532.2,5512.0,18691,1628128679.8,2890840,0
2021-06-16,TCSG,545.82,546.0,10,5458.2,5460.0,17519,1329388556.0,2432860,0
2021-06-17,TCSG,544.0,545.92,10,5440.0,5459.2,20975,1591384259.0,2941560,0
2021-06-18,TCSG,571.68,574.38,10,5716.8,5743.8,31504,3511814318.2,6182470,0
2021-06-21,TCSG,572.86,573.0,10,5728.6,5730.0,12482,1102227417.8,1925770,0
2021-06-22,TCSG,580.8,580.0,10,5808.0,5800.0,14165,1199766905.6,2082870,0
2021-06-23,TCSG,588.9,592.52,10,5889.0,5925.2,18390,1531855366.0,2637980,0
2021-06-24,TCSG,613.54,615.2,10,6135.4,6152.0,31652,2688413613.2,4401430,0
2021-06-25,TCSG,612.44,611.08,10,6124.4,6110.8,17157,1504119114.6,2467280,0
2021-06-28,TCSG,617.48,615.0,10,6174.8,6150.0,27932,2231588851.0,3599810,0
2021-06-29,TCSG,621.0,622.12,10,6210.0,6221.2,15035,1156419665.6,1858960,0
2021-06-30,TCSG,642.1,639.18,10,6421.0,6391.8,24584,2226965598.2,3500460,0
2021-07-01,TCSG,634.7,633.88,10,6347.0,6338.8,21703,1581958230.2,2494590,0
2021-07-02,TCSG,638.32,638.16,10,6383.2,6381.6,17041,1499223971.0,2346610,0
2021-07-05,TCSG,663.0,657.8,10,6630.0,6578.0,20550,1473905819.2,2261170,0
2021-07-06,TCSG,676.22,672.7,10,6762.2,6727.0,51916,4496769480.6,6590160,0
2021-07-07,TCSG,668.06,666.06,10,6680.6,6660.6,26143,2133467263.0,3156560,0
2021-07-08,TCSG,667.3,665.24,10,6673.0,6652.4,17879,1574458034.2,2372120,0
2021-07-09,TCSG,662.5,660.0,10,6625.0,6600.0,14296,1179873239.6,1780800,0
2021-07-12,TCSG,679.66,675.18,10,6796.6,6751.8,20289,1683910275.4,2505740,0
2021-07-13,TCSG,652.74,645.5,10,6527.4,6455.0,34084,2574282789.6,3923310,0
2021-07-14,TCSG,630.6,628.94,10,6306.0,6289.4,43794,3464954715.2,5518660,0
2021-07-15,TCSG,639.3,635.9,10,6393.0,6359.0,18128,1348702178.4,2127020,0
2021-07-16,TCSG,641.2,644.04,10,6412.0,6440.4,23523,2217271065.8,3428040,0
2021-07-19,TCSG,637.9,634.7,10,6379.0,6347.0,16558,1345266909.6,2112540,0
2021-07-20,TCSG,641.02,644.4,10,6410.2,6444.0,11856,1022528669.4,1597460,0
2021-07-21,TCSG,648.0,647.7,10,6480.0,6477.0,12812,1273215597.4,1959450,0
2021-07-22,TCSG,651.9,650.0,10,6519.0,6500.0,12400,1128711538.0,1737790,0
2021-07-23,TCSG,652.32,652.0,10,6523.2,6520.0,9854,846507811.8,1299890,0
2021-07-26,TCSG,666.0,663.2,10,6660.0,6632.0,14207,1215718876.2,1852160,0
2021-07-27,TCSG,647.48,636.8,10,6474.8,6368.0,18993,1656700448.2,2550840,0
2021-07-28,TCSG,631.4,632.4,10,6314.0,6324.0,18838,1311915675.4,2075780,0
2021-07-29,TCSG,635.7,640.0,10,6357.0,6400.0,14881,2188338622.6,3452300,0
2021-07-30,TCSG,611.38,609.8,10,6113.8,6098.0,30451,2252855512.6,3674280,0
2021-08-02,TCSG,616.98,622.2,10,6169.8,6222.0,17323,1406063409.0,2281920,0
2021-08-03,TCSG,641.66,638.78,10,6416.6,6387.8,19203,1735047942.6,2732410,0
2021-08-04,TCSG,654.42,657.18,10,6544.2,6571.8,18847,1665667275.4,2558070,0
2021-08-05,TCSG,674.72,675.0,10,6747.2,6750.0,24712,2257859539.6,3380000,0
2021-08-06,TCSG,674.9,675.1,10,6749.0,6751.0,21275,2081651275.6,3060710,0
2021-08-09,TCSG,692.5,694.58,10,6925.0,6945.8,25233,2109924264.0,3055970,0
2021-08-10,TCSG,706.22,701.8,10,7062.2,7018.0,25818,2160098013.8,3068360,0
2021-08-11,TCSG,702.7,703.96,10,7027.0,7039.6,17734,1495156718.2,2123850,0
2021-08-12,TCSG,702.52,703.0,10,7025.2,7030.0,13474,1308143567.8,1866100,0
2021-08-13,TCSG,704.7,704.1,10,7047.0,7041.0,8268,599501181.0,851860,0
2021-08-16,TCSG,721.36,720.0,10,7213.6,7200.0,23247,1910193224.8,2660220,0
2021-08-17,TCSG,743.38,742.18,10,7433.8,7421.8,26986,2494022266.6,3394160,0
2021-08-18,TCSG,721.3,727.08,10,7213.0,7270.8,33220,2785388771.6,3828020,0
2021-08-19,TCSG,698.34,692.92,10,6983.4,6929.2,39673,3069729474.4,4364650,0
2021-08-20,TCSG,684.44,683.22,10,6844.4,6832.2,27145,1987273544.8,2883810,0
2021-08-23,TCSG,700.32,690.8,10,7003.2,6908.0,21578,1443979902.2,2070310,0
2021-08-24,TCSG,702.9,705.12,10,7029.0,7051.2,18218,1511170609.8,2161980,0
2021-08-25,TCSG,700.54,700.0,10,7005.4,7000.0,13455,1095997697.4,1561620,0
2021-08-26,TCSG,680.7,671.02,10,6807.0,6710.2,35772,2636153433.4,3858750,0
2021-08-27,TCSG,663.3,663.0,10,6633.0,6630.0,53823,3512300963.0,5325470,0
2021-08-30,TCSG,660.08,659.7,10,6600.8,6597.0,23810,1581757372.2,2388440,0
2021-08-31,TCSG,645.22,650.0,10,6452.2,6500.0,35320,3131867597.4,4813530,0
2021-09-01,TCSG,688.94,685.4,10,6889.4,6854.0,41245,3617694414.6,5372910,0
2021-09-02,TCSG,698.6,702.1,10,6986.0,7021.0,38042,3486805821.0,5033520,0
2021-09-03,TCSG,699.94,700.4,10,6999.4,7004.0,32637,3501865632.8,5009390,0
2021-09-06,TCSG,696.12,700.98,10,6961.2,7009.8,21483,1928829444.6,2769620,0
2021-09-07,TCSG,689.7,691.18,10,6897.0,6911.8,16521,1633039494.6,2358110,0
2021-09-08,TCSG,670.28,670.42,10,6702.8,6704.2,23742,2270563877.0,3360710,0
2021-09-09,TCSG,675.22,680.56,10,6752.2,6805.6,23805,2156349932.4,3206680,0
2021-09-10,TCSG,680.32,680.0,10,6803.2,6800.0,16293,1359093552.8,1992980,0
2021-09-13,TCSG,679.4,678.16,10,6794.0,6781.6,21324,1803973704.2,2681960,0
2021-09-14,TCSG,663.72,664.5,10,6637.2,6645.0,28230,1801425281.2,2710430,0
2021-09-15,TCSG,648.68,644.06,10,6486.8,6440.6,31069,2464265112.0,3799440,0
2021-09-16,TCSG,655.3,657.38,10,6553.0,6573.8,33915,3147308378.4,4844020,0
2021-09-17,TCSG,674.0,680.0,10,6740.0,6800.0,20489,2566450088.6,3812070,0
2021-09-20,TCSG,672.5,674.3,10,6725.0,6743.0,19135,1892320853.2,2819100,0
2021-09-21,TCSG,668.7,669.56,10,6687.0,6695.6,14048,1508928989.6,2258050,0
2021-09-22,TCSG,668.1,666.7,10,6681.0,6667.0,14119,1385196062.4,2068670,0
2021-09-23,TCSG,669.3,668.66,10,6693.0,6686.6,7525,610771906.6,915140,0
2021-09-24,TCSG,656.5,653.78,10,6565.0,6537.8,12994,1163507902.2,1766770,0
2021-09-27,TCSG,644.94,641.5,10,6449.4,6415.0,17564,1563790115.6,2423960,0
2021-09-28,TCSG,619.72,622.32,10,6197.2,6223.2,25942,2273137625.4,3633400,0
2021-09-29,TCSG,640.2,638.78,10,6402.0,6387.8,16420,1629898099.0,2569510,0
2021-09-30,TCSG,662.84,666.14,10,6628.4,6661.4,23354,2842460081.6,4352270,0
2021-10-01,TCSG,677.86,678.12,10,6778.6,6781.2,27194,2639357685.0,3908880,0
2021-10-04,TCSG,666.72,667.3,10,6667.2,6673.0,29229,2910517467.4,4253880,0
2021-10-05,TCSG,683.5,682.98,10,6835.0,6829.8,19973,2010144593.2,2958110,0
2021-10-06,TCSG,698.62,694.0,10,6986.2,6940.0,30808,3524162629.8,5095110,0
2021-10-07,TCSG,714.0,717.86,10,7140.0,7178.6,28216,2937987588.0,4101820,1
2021-10-08,TCSG,715.5,715.74,10,7155.0,7157.4,17319,1943340943.8,2721290,1
2021-10-11,TCSG,720.6,719.3,10,7206.0,7193.0,16663,1622809130.6,2267880,1
2021-10-12,TCSG,733.14,734.8,10,7331.4,7348.0,19318,2415148197.8,3321190,1
2021-10-13,TCSG,761.04,759.0,10,7610.4,7590.0,52620,5428150434.0,7201260,1
2021-10-14,TCSG,776.76,775.8,10,7767.6,7758.0,40082,4298501666.2,5501640,1
2021-10-15,TCSG,782.02,782.0,10,7820.2,7820.0,17246,1936824392.4,2484360,1
2021-10-18,TCSG,772.4,771.08,10,7724.0,7710.8,23404,2297164933.0,2938250,1
2021-10-19,TCSG,780.5,777.8,10,7805.0,7778.0,21045,2159310163.8,2812650,1
2021-10-20,TCSG,782.44,785.0,10,7824.4,7850.0,22342,2538267293.0,3229870,1
2021-10-21,TCSG,785.3,784.7,10,7853.0,7847.0,22007,1532087373.2,1946640,1
2021-10-22,TCSG,766.0,767.6,10,7660.0,7676.0,14289,1397500980.2,1800860,1
2021-10-25,TCSG,760.0,759.92,10,7600.0,7599.2,15436,1531314566.2,2019470,1
2021-10-26,TCSG,731.02,732.28,10,7310.2,7322.8,21482,2019121668.2,2727590,1
2021-10-27,TCSG,726.8,727.52,10,7268.0,7275.2,25083,2895488662.6,4007810,1
2021-10-28,TCSG,739.68,735.82,10,7396.8,7358.2,18327,2203415602.6,3015080,1
2021-10-29,TCSG,731.0,730.16,10,7310.0,7301.6,14458,1572932926.0,2162050,1
2021-11-01,TCSG,779.08,774.98,10,7790.8,7749.8,29204,3153231989.6,4133970,1
2021-11-02,TCSG,786.7,787.28,10,7867.0,7872.8,22450,2503161415.4,3185350,1
2021-11-03,TCSG,785.28,788.58,10,7852.8,7885.8,15320,1658123414.6,2113760,1
2021-11-05,TCSG,802.5,802.3,10,8025.0,8023.0,23116,2232180239.2,2815510,1
2021-11-08,TCSG,834.5,836.06,10,8345.0,8360.6,38868,4239582271.0,5081840,1
2021-11-09,TCSG,798.36,795.7,10,7983.6,7957.0,37543,3222053333.0,3981340,1
2021-11-10,TCSG,765.42,767.8,10,7654.2,7678.0,40408,4204543305.2,5387500,1
2021-11-11,TCSG,750.8,753.4,10,7508.0,7534.0,59960,5684813877.0,7607720,1
2021-11-12,TCSG,733.4,728.24,10,7334.0,7282.4,34480,3087259244.4,4217150,1
2021-11-15,TCSG,742.26,739.74,10,7422.6,7397.4,41533,4966947187.0,6602680,1
2021-11-16,TCSG,739.56,734.44,10,7395.6,7344.4,42376,3892540386.0,5332970,1
2021-11-17,TCSG,724.22,727.0,10,7242.2,7270.0,32714,3267454210.6,4479860,1
2021-11-18,TCSG,738.2,742.0,10,7382.0,7420.0,34336,2718068558.8,3702940,1
2021-11-19,TCSG,709.44,708.4,10,7094.4,7084.0,40468,3716114633.0,5171340,1
2021-11-22,TCSG,661.58,662.94,10,6615.8,6629.4,65034,5847476550.8,8697280,1
2021-11-23,TCSG,704.8,698.6,10,7048.0,6986.0,75013,7984221602.4,11897520,1
2021-11-24,TCSG,688.8,684.5,10,6888.0,6845.0,60877,6119887738.6,8645110,1
2021-11-25,TCSG,726.2,720.5,10,7262.0,7205.0,43568,4108877887.4,5734170,1
2021-11-26,TCSG,681.1,681.06,10,6811.0,6810.6,43119,3833601362.4,5566120,1
2021-11-29,TCSG,693.82,695.0,10,6938.2,6950.0,30757,3032589541.4,4376260,1
2021-11-30,TCSG,711.4,724.5,10,7114.0,7245.0,41240,6909031761.4,9769490,1
2021-12-01,TCSG,735.8,744.0,10,7358.0,7440.0,51038,5832312844.2,7894560,1
2021-12-02,TCSG,722.2,720.5,10,7222.0,7205.0,26382,2669806104.8,3662400,1
2021-12-03,TCSG,730.76,727.04,10,7307.6,7270.4,23312,2494296519.2,3414070,1
2021-12-06,TCSG,667.9,662.94,10,6679.0,6629.4,55912,4187375072.0,6129470,1
2021-12-07,TCSG,656.3,653.68,10,6563.0,6536.8,71592,6467142427.2,9921970,1
2021-12-08,TCSG,624.54,616.66,10,6245.4,6166.6,69140,5292636373.0,8298910,1
2021-12-09,TCSG,632.24,626.1,10,6322.4,6261.0,49462,4253973399.0,6713990,1
2021-12-10,TCSG,631.02,635.4,10,6310.2,6354.0,38554,2702681291.4,4325620,1
2021-12-13,TCSG,591.98,594.6,10,5919.8,5946.0,55851,4448783121.4,7308570,1
2021-12-14,TCSG,597.0,590.14,10,5970.0,5901.4,46062,3884890819.8,6635340,1
2021-12-15,TCSG,614.02,598.68,10,6140.2,5986.8,28899,2104189650.2,3499570,1
2021-12-16,TCSG,611.26,622.2,10,6112.6,6222.0,56941,4716700508.0,7685130,1
2021-12-17,TCSG,611.9,608.42,10,6119.0,6084.2,21860,2164375041.6,3552100,1
2021-12-20,TCSG,600.62,600.84,10,6006.2,6008.4,25562,1656248089.8,2771050,1
2021-12-21,TCSG,610.5,605.4,10,6105.0,6054.0,29529,2639910704.4,4306280,1
2021-12-22,TCSG,596.0,601.74,10,5960.0,6017.4,27956,2207395081.6,3650170,1
2021-12-23,TCSG,597.28,597.18,10,5972.8,5971.8,21971,1437720819.8,2412200,1
2021-12-24,TCSG,599.18,600.0,10,5991.8,6000.0,15447,977338401.6,1641330,1
2021-12-27,TCSG,601.32,599.4,10,6013.2,5994.0,19637,1143044344.8,1907140,1
2021-12-28,TCSG,609.9,608.16,10,6099.0,6081.6,24576,1740823140.2,2863650,1
2021-12-29,TCSG,596.08,592.74,10,5960.8,5927.4,28195,2064155521.2,3452310,1
2021-12-30,TCSG,611.8,610.26,10,6118.0,6102.6,30375,2458344348.8,4067610,1
2022-01-03,TCSG,636.44,632.46,10,6364.4,6324.6,24524,1575572062.0,2495790,1
2022-01-04,TCSG,626.46,625.8,10,6264.6,6258.0,36827,2575114416.0,4070720,1
2022-01-05,TCSG,580.5,601.82,10,5805.0,6018.2,36103,2369927300.6,3921450,1
2022-01-06,TCSG,580.16,576.0,10,5801.6,5760.0,43148,3123649980.2,5352560,1
2022-01-10,TCSG,583.0,576.2,10,5830.0,5762.0,28222,1840355383.0,3156830,1
2022-01-11,TCSG,594.5,591.7,10,5945.0,5917.0,26848,2120535486.0,3580970,1
2022-01-12,TCSG,619.28,619.7,10,6192.8,6197.0,36949,2869226720.6,4718000,1
2022-01-13,TCSG,583.28,587.0,10,5832.8,5870.0,62233,5460636148.4,9114280,1
2022-01-14,TCSG,550.98,542.1,10,5509.8,5421.0,95515,8053372729.2,14745370,1
2022-01-17,TCSG,529.5,529.3,10,5295.0,5293.0,69043,6018174545.0,11510790,1
2022-01-18,TCSG,472.0,472.44,10,4720.0,4724.4,88419,7364125698.2,15019900,1
2022-01-19,TCSG,465.0,466.84,10,4650.0,4668.4,95618,10739283285.4,22676610,1
2022-01-20,TCSG,482.28,492.96,10,4822.8,4929.6,71241,5642350361.8,11771280,1
2022-01-21,TCSG,482.8,486.64,10,4828.0,4866.4,42211,3515317052.2,7245720,1
2022-01-24,TCSG,460.0,451.54,10,4600.0,4515.4,63360,4771059540.0,10506110,1
2022-01-25,TCSG,495.2,482.18,10,4952.0,4821.8,62832,5921736829.6,12293720,1
2022-01-26,TCSG,508.98,512.7,10,5089.8,5127.0,71141,5929510152.0,11685470,1
2022-01-27,TCSG,540.0,542.7,10,5400.0,5427.0,75525,6938560794.6,12963110,1
2022-01-28,TCSG,542.12,549.9,10,5421.2,5499.0,74608,6736901006.8,12094880,1
2022-01-31,TCSG,558.7,552.22,10,5587.0,5522.2,44088,3510443831.0,6314020,1
2022-02-01,TCSG,566.5,564.45,10,5665.0,5644.5,40355,3961907126.5,7027110,1
2022-02-02,TCSG,555.4,554.25,10,5554.0,5542.5,35347,3099672501.0,5553740,1
2022-02-03,TCSG,523.5,521.6,10,5235.0,5216.0,42789,3484342223.0,6630050,1
2022-02-04,TCSG,518.45,511.65,10,5184.5,5116.5,36129,2873583880.0,5488350,1
2022-02-07,TCSG,500.5,500.0,10,5005.0,5000.0,30504,1976955580.5,3895710,1
2022-02-08,TCSG,506.75,496.35,10,5067.5,4963.5,37081,2985821354.5,6006820,1
2022-02-09,TCSG,569.8,567.0,10,5698.0,5670.0,86302,8184348721.5,15051270,1
2022-02-10,TCSG,584.65,598.0,10,5846.5,5980.0,101067,10152382731.5,17269090,1
2022-02-11,TCSG,531.45,540.0,10,5314.5,5400.0,91528,9068672024.5,16240330,1
2022-02-14,TCSG,522.3,517.7,10,5223.0,5177.0,88043,8581640156.5,16354810,1
2022-02-15,TCSG,551.95,543.1,10,5519.5,5431.0,92057,9816618331.5,17984980,1
2022-02-16,TCSG,548.85,542.5,10,5488.5,5425.0,84314,7971238410.0,14520470,1
2022-02-17,TCSG,514.7,516.5,10,5147.0,5165.0,74811,5849979730.5,11205060,1
2022-02-18,TCSG,482.15,482.2,10,4821.5,4822.0,103969,7498332237.5,15192330,1
2022-02-21,TCSG,447.5,456.55,10,4475.0,4565.5,158456,13222474510.0,28626480,1
2022-02-22,TCSG,448.85,450.5,10,4488.5,4505.0,152292,11945876024.5,27873010,1
2022-02-24,TCSG,303.95,242.2,10,3039.5,2422.0,202532,6990768895.5,26929300,1
2022-02-25,TCSG,305.45,340.0,10,3054.5,3400.0,208930,8690252805.0,28049470,1
2022-03-29,TCSG,299.0,299.0,10,2990.0,2990.0,74728,2445270165.5,7713830,1
2022-03-30,TCSG,298.0,298.0,10,2980.0,2980.0,32927,1088364950.0,3621390,1
2022-03-31,TCSG,331.85,331.85,10,3318.5,3318.5,61511,2358170840.5,7424780,1
2022-04-01,TCSG,349.95,349.95,10,3499.5,3499.5,65337,2688615324.0,7639640,1
2022-04-04,TCSG,366.4,366.4,10,3664.0,3664.0,53555,2359466232.5,6613940,1
2022-04-05,TCSG,360.1,360.1,10,3601.0,3601.0,45675,1786410093.0,4929100,1
2022-04-06,TCSG,350.0,350.0,10,3500.0,3500.0,20592,858545756.5,2434950,1
2022-04-07,TCSG,347.0,347.0,10,3470.0,3470.0,21004,800342230.5,2268100,1
2022-04-08,TCSG,327.45,327.45,10,3274.5,3274.5,30069,1083375441.0,3229910,1
2022-04-11,TCSG,326.9,326.9,10,3269.0,3269.0,18926,551912064.5,1658220,1
2022-04-12,TCSG,321.7,321.7,10,3217.0,3217.0,21967,561525207.0,1785750,1
2022-04-13,TCSG,317.2,317.2,10,3172.0,3172.0,10770,293600020.5,919740,1
2022-04-14,TCSG,301.0,301.0,10,3010.0,3010.0,23738,616233050.5,1998600,1
2022-04-15,TCSG,299.3,299.3,10,2993.0,2993.0,16878,410726173.0,1385190,1
2022-04-18,TCSG,272.2,272.2,10,2722.0,2722.0,30956,714181101.0,2507310,1
2022-04-19,TCSG,254.0,254.0,10,2540.0,2540.0,55841,1591729135.5,6351730,1
2022-04-20,TCSG,259.0,259.0,10,2590.0,2590.0,41214,1147239341.5,4420300,1
2022-04-21,TCSG,248.5,248.5,10,2485.0,2485.0,20304,521833192.0,2040870,1
2022-04-22,TCSG,227.0,227.0,10,2270.0,2270.0,27415,767582590.0,3202270,1
2022-04-25,TCSG,190.8,190.8,10,1908.0,1908.0,46357,940589990.0,4583480,1
2022-04-26,TCSG,207.3,207.3,10,2073.0,2073.0,34668,868506721.0,4246330,1
2022-04-27,TCSG,252.0,252.0,10,2520.0,2520.0,57142,1811688110.0,7787160,1
2022-04-28,TCSG,270.0,270.0,10,2700.0,2700.0,95479,3425254120.5,12680800,1
2022-04-29,TCSG,260.8,260.8,10,2608.0,2608.0,49551,1703351772.0,6286790,1
2022-05-04,TCSG,240.2,240.2,10,2402.0,2402.0,33224,896164367.5,3587360,1
2022-05-05,TCSG,245.3,245.3,10,2453.0,2453.0,21650,639944161.0,2588310,1
2022-05-06,TCSG,230.4,230.4,10,2304.0,2304.0,24051,633693258.5,2705860,1
2022-05-11,TCSG,224.55,224.55,10,2245.5,2245.5,21871,503054761.0,2213580,1
2022-05-12,TCSG,203.2,203.2,10,2032.0,2032.0,24715,527234745.0,2502380,1
2022-05-13,TCSG,213.0,213.0,10,2130.0,2130.0,22876,539185387.0,2544670,1
2022-05-16,TCSG,218.5,218.5,10,2185.0,2185.0,17879,440663822.5,2025750,1
2022-05-17,TCSG,238.0,238.0,10,2380.0,2380.0,20262,556193684.0,2468230,1
2022-05-18,TCSG,240.2,240.2,10,2402.0,2402.0,39229,1167124712.5,4755080,1
2022-05-19,TCSG,223.65,223.65,10,2236.5,2236.5,24434,739600970.5,3256950,1
2022-05-20,TCSG,219.4,219.4,10,2194.0,2194.0,20177,569710827.0,2578610,1
2022-05-23,TCSG,212.9,212.9,10,2129.0,2129.0,14858,330733250.5,1533640,1
2022-05-24,TCSG,214.65,214.65,10,2146.5,2146.5,19831,517975512.5,2441000,1
2022-05-25,TCSG,215.55,215.55,10,2155.5,2155.5,14660,435835266.0,2039010,1
2022-05-26,TCSG,222.05,222.05,10,2220.5,2220.5,18980,580265549.5,2628850,1
2022-05-27,TCSG,220.1,220.1,10,2201.0,2201.0,14330,403631308.0,1825800,1
2022-05-30,TCSG,216.4,216.4,10,2164.0,2164.0,14789,375685961.0,1719920,1
2022-05-31,TCSG,211.15,211.15,10,2111.5,2111.5,11020,258094100.5,1215970,1
2022-06-01,TCSG,211.05,211.05,10,2110.5,2110.5,10110,242940562.5,1142200,1
2022-06-02,TCSG,210.5,210.5,10,2105.0,2105.0,6464,154084583.0,731020,1
2022-06-03,TCSG,201.8,201.8,10,2018.0,2018.0,15244,317758486.0,1547410,1
2022-06-06,TCSG,190.0,190.0,10,1900.0,1900.0,24075,499306453.0,2596370,1
2022-06-07,TCSG,185.95,185.95,10,1859.5,1859.5,18539,439845301.0,2392900,1
2022-06-08,TCSG,188.6,188.6,10,1886.0,1886.0,13753,340198429.5,1782770,1
2022-06-09,TCSG,177.7,177.7,10,1777.0,1777.0,22867,505386276.0,2819080,1
2022-06-10,TCSG,170.1,170.1,10,1701.0,1701.0,18810,419828866.0,2422830,1
2022-06-14,TCSG,159.7,159.7,10,1597.0,1597.0,20525,471210406.0,2889140,1
2022-06-15,TCSG,165.15,165.15,10,1651.5,1651.5,12448,317413962.5,1937350,1
2022-06-16,TCSG,173.7,173.7,10,1737.0,1737.0,15538,344701392.5,2013740,1
2022-06-17,TCSG,167.6,167.6,10,1676.0,1676.0,17889,398630044.0,2327910,1
2022-06-20,TCSG,172.5,172.5,10,1725.0,1725.0,14425,371580526.5,2186700,1
2022-06-21,TCSG,167.3,167.3,10,1673.0,1673.0,12981,289760761.0,1694580,1
2022-06-22,TCSG,164.9,164.9,10,1649.0,1649.0,9785,199099390.0,1212670,1
2022-06-23,TCSG,165.45,165.45,10,1654.5,1654.5,10845,276030757.0,1666570,1
2022-06-24,TCSG,163.5,163.5,10,1635.0,1635.0,8096,157373807.5,963280,1
2022-06-27,TCSG,167.2,167.2,10,1672.0,1672.0,8989,201541106.5,1218520,1
2022-06-28,TCSG,192.7,192.7,10,1927.0,1927.0,28859,898733115.0,5038680,1
2022-06-29,TCSG,181.0,181.0,10,1810.0,1810.0,25896,875236720.5,4778560,1
2022-06-30,TCSG,180.4,180.4,10,1804.0,1804.0,19481,590179899.5,3370160,1
2022-07-01,TCSG,186.1,186.1,10,1861.0,1861.0,11967,271531715.5,1481020,1
2022-07-04,TCSG,201.2,201.2,10,2012.0,2012.0,22591,571290450.5,2937490,1
2022-07-05,TCSG,203.9,203.9,10,2039.0,2039.0,23654,657051961.0,3216100,1
2022-07-06,TCSG,210.0,210.0,10,2100.0,2100.0,18797,477794905.5,2263310,1
2022-07-07,TCSG,203.1,203.1,10,2031.0,2031.0,10474,250009240.0,1211990,1
2022-07-08,TCSG,201.3,201.3,10,2013.0,2013.0,11377,230138968.0,1154470,1
2022-07-11,TCSG,198.0,198.0,10,1980.0,1980.0,14718,321316299.5,1590350,1
2022-07-12,TCSG,194.35,194.35,10,1943.5,1943.5,10496,226944485.0,1178670,1
2022-07-13,TCSG,189.5,189.5,10,1895.0,1895.0,13189,289191681.5,1505710,1
2022-07-14,TCSG,187.95,187.95,10,1879.5,1879.5,8678,154498902.0,813590,1
2022-07-15,TCSG,190.15,190.15,10,1901.5,1901.5,8657,220722338.0,1177880,1
2022-07-18,TCSG,187.6,187.6,10,1876.0,1876.0,9909,233041048.0,1237450,1
2022-07-19,TCSG,181.35,181.35,10,1813.5,1813.5,7852,155697412.5,853250,1
2022-07-20,TCSG,177.1,177.1,10,1771.0,1771.0,10130,245454726.5,1362170,1
2022-07-21,TCSG,175.9,175.9,10,1759.0,1759.0,8964,187591043.0,1073810,1
2022-07-22,TCSG,185.4,185.4,10,1854.0,1854.0,18469,415742238.0,2255560,1
2022-07-25,TCSG,196.95,196.95,10,1969.5,1969.5,17493,396255453.0,2069010,1
2022-07-26,TCSG,199.45,199.45,10,1994.5,1994.5,20495,498424161.5,2510500,1
2022-07-27,TCSG,196.3,196.3,10,1963.0,1963.0,16202,311583255.5,1577440,1
2022-07-28,TCSG,194.75,194.75,10,1947.5,1947.5,10232,196660886.5,1008040,1
2022-07-29,TCSG,195.0,195.0,10,1950.0,1950.0,10846,194704697.0,989700,1
2022-08-01,TCSG,188.45,188.45,10,1884.5,1884.5,13320,248728048.0,1308640,1
2022-08-02,TCSG,181.0,181.0,10,1810.0,1810.0,14498,249484409.5,1347780,1
2022-08-03,TCSG,183.6,183.6,10,1836.0,1836.0,9249,193896941.0,1045620,1
2022-08-04,TCSG,186.95,186.95,10,1869.5,1869.5,9795,153378478.0,828540,1
2022-08-05,TCSG,185.9,185.9,10,1859.0,1859.0,14540,318002027.0,1694590,1
2022-08-08,TCSG,189.15,189.15,10,1891.5,1891.5,10949,189577830.5,998280,1
2022-08-09,TCSG,191.75,191.75,10,1917.5,1917.5,8947,160461076.5,842690,1
2022-08-10,TCSG,204.5,204.5,10,2045.0,2045.0,25465,592859223.5,2969840,1
2022-08-11,TCSG,214.95,214.95,10,2149.5,2149.5,34114,936534935.0,4408280,1
2022-08-12,TCSG,223.0,223.0,10,2230.0,2230.0,34449,800886171.5,3645940,1
2022-08-15,TCSG,225.2,225.2,10,2252.0,2252.0,26898,568787837.5,2537360,1
2022-08-16,TCSG,241.55,241.55,10,2415.5,2415.5,32155,846796367.0,3608900,1
2022-08-17,TCSG,243.05,243.05,10,2430.5,2430.5,46391,1531444775.5,6152320,1
2022-08-18,TCSG,248.0,248.0,10,2480.0,2480.0,21624,634272043.0,2587850,1
2022-08-19,TCSG,270.0,270.0,10,2700.0,2700.0,46568,1526048653.5,5881020,1
2022-08-22,TCSG,272.0,272.0,10,2720.0,2720.0,120828,3506474885.0,12799670,1
2022-08-23,TCSG,271.7,271.7,10,2717.0,2717.0,40734,1228583524.5,4590100,1
2022-08-24,TCSG,257.95,257.95,10,2579.5,2579.5,82452,2604288598.0,9730070,1
2022-08-25,TCSG,262.6,262.6,10,2626.0,2626.0,37808,1101611783.0,4240890,1
2022-08-26,TCSG,263.0,263.0,10,2630.0,2630.0,12501,321225682.0,1224840,1
2022-08-29,TCSG,271.5,271.5,10,2715.0,2715.0,24736,643973916.0,2389940,1
2022-08-30,TCSG,268.85,268.85,10,2688.5,2688.5,29493,1071572508.5,3926410,1
2022-08-31,TCSG,271.25,271.25,10,2712.5,2712.5,16049,549242567.5,2025610,1
2022-09-01,TCSG,273.85,273.85,10,2738.5,2738.5,13540,396440900.0,1450960,1
2022-09-02,TCSG,276.65,276.65,10,2766.5,2766.5,17440,512834168.0,1852420,1
2022-09-05,TCSG,275.4,275.4,10,2754.0,2754.0,12874,283934247.0,1034100,1
2022-09-06,TCSG,267.0,267.0,10,2670.0,2670.0,29236,858900900.0,3251010,1
2022-09-07,TCSG,271.4,271.4,10,2714.0,2714.0,17236,462659714.5,1727250,1
2022-09-08,TCSG,276.85,276.85,10,2768.5,2768.5,45808,1721056608.5,6153420,1
2022-09-09,TCSG,278.7,278.7,10,2787.0,2787.0,16835,518923124.0,1859220,1
2022-09-12,TCSG,295.0,291.0,10,2950.0,2910.0,43285,1581108924.0,5480470,1
2022-09-13,TCSG,301.0,300.8,10,3010.0,3008.0,48580,1772741536.0,5887770,1
2022-09-14,TCSG,299.4,297.2,10,2994.0,2972.0,34218,1088226171.5,3697890,1
2022-09-15,TCSG,303.05,302.6,10,3030.5,3026.0,23176,727643929.5,2410950,1
2022-09-16,TCSG,310.6,311.1,10,3106.0,3111.0,41499,1666134410.0,5382300,1
2022-09-19,TCSG,318.8,316.0,10,3188.0,3160.0,26472,926303886.5,2932670,1
2022-09-20,TCSG,278.1,278.8,10,2781.0,2788.0,114804,3942381817.0,13485500,1
2022-09-21,TCSG,266.25,271.5,10,2662.5,2715.0,57106,1762329777.0,6725700,1
2022-09-22,TCSG,279.0,279.8,10,2790.0,2798.0,41048,1417700053.5,5048140,1
2022-09-23,TCSG,255.2,260.4,10,2552.0,2604.0,40183,1274823406.5,4840620,1
2022-09-26,TCSG,210.5,225.0,10,2105.0,2250.0,56854,1535829824.5,6717760,1
2022-09-27,TCSG,241.3,237.6,10,2413.0,2376.0,52478,1444469782.0,6251150,1
2022-09-28,TCSG,239.5,236.0,10,2395.0,2360.0,37249,1057376323.0,4344210,1
2022-09-29,TCSG,229.1,227.7,10,2291.0,2277.0,32979,915178151.5,3911740,1
2022-09-30,TCSG,237.4,230.8,10,2374.0,2308.0,44690,1277742517.0,5623070,1
2022-10-03,TCSG,263.6,254.7,10,2636.0,2547.0,41041,1293983869.0,5156450,1
2022-10-04,TCSG,264.0,264.4,10,2640.0,2644.0,38722,1314836337.5,5007780,1
2022-10-05,TCSG,255.7,255.8,10,2557.0,2558.0,36458,1080054117.5,4252630,1
2022-10-06,TCSG,252.3,252.0,10,2523.0,2520.0,41985,1306044840.5,5107630,1
2022-10-07,TCSG,237.25,235.55,10,2372.5,2355.5,34175,904554373.5,3732820,1
2022-10-10,TCSG,248.35,247.0,10,2483.5,2470.0,35233,1005504634.0,4161180,1
2022-10-11,TCSG,249.6,248.0,10,2496.0,2480.0,21081,571069801.5,2292490,1
2022-10-12,TCSG,250.4,250.2,10,2504.0,2502.0,15786,441848414.5,1765810,1
2022-10-13,TCSG,260.45,258.0,10,2604.5,2580.0,32998,1023884315.0,3976270,1
2022-10-14,TCSG,256.85,257.2,10,2568.5,2572.0,23552,672032621.0,2620720,1
2022-10-17,TCSG,270.2,267.65,10,2702.0,2676.5,30388,963218758.5,3646460,1
2022-10-18,TCSG,262.5,268.4,10,2625.0,2684.0,35288,1072548141.0,3991060,1
2022-10-19,TCSG,260.9,256.6,10,2609.0,2566.0,26284,775743166.0,3004490,1
2022-10-20,TCSG,250.3,250.2,10,2503.0,2502.0,60786,1709868794.5,6711230,1
2022-10-21,TCSG,245.9,245.2,10,2459.0,2452.0,66888,1818877647.0,7498870,1
2022-10-24,TCSG,246.7,247.2,10,2467.0,2472.0,31498,827198458.5,3340800,1
2022-10-25,TCSG,252.0,251.0,10,2520.0,2510.0,32073,1053305633.5,4218210,1
2022-10-26,TCSG,250.0,250.0,10,2500.0,2500.0,27730,725182632.5,2897550,1
2022-10-27,TCSG,249.7,250.5,10,2497.0,2505.0,21779,656587460.5,2624110,1
2022-10-28,TCSG,250.3,250.35,10,2503.0,2503.5,21051,430643047.0,1726620,1
2022-10-31,TCSG,262.0,261.5,10,2620.0,2615.0,44639,1304356147.0,5063630,1
2022-11-01,TCSG,261.4,260.0,10,2614.0,2600.0,45844,1450501859.0,5581820,1
2022-11-02,TCSG,253.6,257.1,10,2536.0,2571.0,27795,731386990.5,2837270,1
2022-11-03,TCSG,251.9,252.1,10,2519.0,2521.0,24220,648117388.0,2573260,1
2022-11-07,TCSG,260.0,260.0,10,2600.0,2600.0,22340,643371608.0,2497840,1
2022-11-08,TCSG,259.85,260.5,10,2598.5,2605.0,29573,939578252.0,3629110,1
2022-11-09,TCSG,252.05,253.4,10,2520.5,2534.0,30780,910851717.5,3550180,1
2022-11-10,TCSG,267.2,268.15,10,2672.0,2681.5,54942,2066240000.5,7856820,1
2022-11-11,TCSG,267.6,267.35,10,2676.0,2673.5,35496,1295623595.0,4864430,1
2022-11-14,TCSG,278.95,279.1,10,2789.5,2791.0,40077,1433857351.0,5211720,1
2022-11-15,TCSG,266.85,276.5,10,2668.5,2765.0,65880,2354698372.5,8696650,1
2022-11-16,TCSG,274.65,274.05,10,2746.5,2740.5,28807,1070100888.5,3910050,1
2022-11-17,TCSG,278.3,276.9,10,2783.0,2769.0,25805,839686127.5,3031540,1
2022-11-18,TCSG,281.8,281.4,10,2818.0,2814.0,31739,1112744784.5,3959770,1
2022-11-21,TCSG,279.8,274.0,10,2798.0,2740.0,44217,1629787974.0,5830720,1
2022-11-22,TCSG,279.85,280.7,10,2798.5,2807.0,24386,876544543.5,3131410,1
2022-11-23,TCSG,272.85,273.15,10,2728.5,2731.5,53096,1828040005.0,6690990,1
2022-11-24,TCSG,272.55,271.8,10,2725.5,2718.0,18921,597257039.5,2178970,1
2022-11-25,TCSG,269.15,270.5,10,2691.5,2705.0,19362,587661386.0,2179610,1
2022-11-28,TCSG,264.5,265.35,10,2645.0,2653.5,19607,543078804.0,2045070,1
2022-11-29,TCSG,269.2,268.5,10,2692.0,2685.0,11120,293060952.0,1097900,1
2022-11-30,TCSG,272.3,271.45,10,2723.0,2714.5,14608,415386830.5,1531870,1
2022-12-01,TCSG,270.5,270.3,10,2705.0,2703.0,12128,298113789.0,1099460,1
2022-12-02,TCSG,268.15,268.35,10,2681.5,2683.5,11164,225875810.5,840840,1
2022-12-05,TCSG,271.9,271.6,10,2719.0,2716.0,20239,640726596.0,2354460,1
2022-12-06,TCSG,263.3,265.45,10,2633.0,2654.5,23129,668370585.0,2504920,1
2022-12-07,TCSG,258.5,261.75,10,2585.0,2617.5,23951,662674497.0,2559000,1
2022-12-08,TCSG,252.9,253.6,10,2529.0,2536.0,30558,823632183.5,3243390,1
2022-12-09,TCSG,247.3,248.5,10,2473.0,2485.0,24768,676243012.0,2730780,1
2022-12-12,TCSG,258.05,258.75,10,2580.5,2587.5,28980,832498186.5,3260390,1
2022-12-13,TCSG,255.35,255.05,10,2553.5,2550.5,26493,806196348.5,3138540,1
2022-12-14,TCSG,249.05,253.75,10,2490.5,2537.5,18906,482546413.5,1907760,1
2022-12-15,TCSG,249.65,250.35,10,2496.5,2503.5,23770,568171385.0,2263720,1
2022-12-16,TCSG,250.45,248.35,10,2504.5,2483.5,13147,299463406.0,1198560,1
2022-12-19,TCSG,246.1,246.8,10,2461.0,2468.0,18573,478356381.0,1940910,1
2022-12-20,TCSG,255.4,255.6,10,2554.0,2556.0,21509,561477595.5,2231570,1
2022-12-21,TCSG,252.2,251.85,10,2522.0,2518.5,19325,461792979.0,1819880,1
2022-12-22,TCSG,257.0,256.4,10,2570.0,2564.0,21186,588855997.5,2297570,1
2022-12-23,TCSG,254.95,254.95,10,2549.5,2549.5,11023,299052286.0,1172740,1
2022-12-26,TCSG,256.05,255.7,10,2560.5,2557.0,11718,301327145.0,1176920,1
2022-12-27,TCSG,261.45,263.15,10,2614.5,2631.5,20139,635837253.5,2444460,1
2022-12-28,TCSG,258.1,257.55,10,2581.0,2575.5,18978,589210714.5,2263500,1
2022-12-29,TCSG,256.45,256.8,10,2564.5,2568.0,11744,282675213.5,1101020,1
2022-12-30,TCSG,254.0,254.0,10,2540.0,2540.0,11777,250481335.0,985260,1
2023-01-03,TCSG,259.0,258.55,10,2590.0,2585.5,9984,239286349.5,925670,1
2023-01-04,TCSG,258.7,257.65,10,2587.0,2576.5,11900,270911221.5,1044680,1
2023-01-05,TCSG,257.4,257.45,10,2574.0,2574.5,5731,125686958.0,487660,1
2023-01-06,TCSG,255.5,255.5,10,2555.0,2555.0,7065,153298290.0,598040,1
2023-01-09,TCSG,261.2,261.45,10,2612.0,2614.5,18149,482184017.5,1859970,1
2023-01-10,TCSG,265.7,267.0,10,2657.0,2670.0,24265,671476272.5,2541020,1
2023-01-11,TCSG,269.25,267.7,10,2692.5,2677.0,16607,451590486.5,1681890,1
2023-01-12,TCSG,268.55,269.4,10,2685.5,2694.0,15921,446027719.0,1660880,1
2023-01-13,TCSG,272.0,273.6,10,2720.0,2736.0,20089,598851305.5,2210210,1
2023-01-16,TCSG,273.75,272.75,10,2737.5,2727.5,18301,428066394.0,1562770,1
2023-01-17,TCSG,267.9,268.95,10,2679.0,2689.5,16892,404886535.5,1502150,1
2023-01-18,TCSG,267.75,269.2,10,2677.5,2692.0,10517,265924515.5,989690,1
2023-01-19,TCSG,264.05,263.95,10,2640.5,2639.5,12102,242876439.5,916280,1
2023-01-20,TCSG,267.7,267.5,10,2677.0,2675.0,11009,267713675.5,1004800,1
2023-01-23,TCSG,270.1,269.4,10,2701.0,2694.0,14806,337586012.5,1248420,1
2023-01-24,TCSG,269.85,270.7,10,2698.5,2707.0,16252,398055813.0,1466720,1
2023-01-25,TCSG,268.35,267.6,10,2683.5,2676.0,11414,281869499.0,1052150,1
2023-01-26,TCSG,266.45,265.5,10,2664.5,2655.0,10331,298223237.5,1118040,1
2023-01-27,TCSG,267.55,267.3,10,2675.5,2673.0,7970,219183398.0,821470,1
2023-01-30,TCSG,269.35,267.9,10,2693.5,2679.0,12808,299513495.0,1116840,1
2023-01-31,TCSG,277.2,274.6,10,2772.0,2746.0,31317,825014816.5,3011050,1
2023-02-01,TCSG,275.25,273.4,10,2752.5,2734.0,29045,734688783.5,2658750,1
2023-02-02,TCSG,274.55,274.5,10,2745.5,2745.0,17586,399206787.5,1452010,1
2023-02-03,TCSG,275.15,274.9,10,2751.5,2749.0,13505,327485789.5,1193860,1
2023-02-06,TCSG,279.1,279.2,10,2791.0,2792.0,16572,485633644.5,1745020,1
2023-02-07,TCSG,274.2,274.0,10,2742.0,2740.0,22337,618899351.0,2240430,1
2023-02-08,TCSG,274.4,274.35,10,2744.0,2743.5,18962,612804151.0,2237380,1
2023-02-09,TCSG,274.6,274.75,10,2746.0,2747.5,12561,328859561.5,1195260,1
2023-02-10,TCSG,274.65,274.75,10,2746.5,2747.5,13386,350261601.0,1273360,1
2023-02-13,TCSG,274.65,274.85,10,2746.5,2748.5,12731,263671957.5,958200,1
2023-02-14,TCSG,270.55,271.85,10,2705.5,2718.5,20754,519587586.0,1923600,1
2023-02-15,TCSG,245.6,252.2,10,2456.0,2522.0,62362,1646912353.0,6484930,1
2023-02-16,TCSG,249.75,250.8,10,2497.5,2508.0,21474,623506449.5,2489360,1
2023-02-17,TCSG,248.3,247.6,10,2483.0,2476.0,12665,322603386.0,1295110,1
2023-02-20,TCSG,247.65,247.6,10,2476.5,2476.0,16293,451218547.0,1842120,1
2023-02-21,TCSG,251.7,251.5,10,2517.0,2515.0,20831,678616774.5,2705190,1
2023-02-22,TCSG,247.85,247.75,10,2478.5,2477.5,14162,372707129.5,1505130,1
2023-02-24,TCSG,264.25,264.9,10,2642.5,2649.0,40824,1472599575.5,5659770,1
2023-02-27,TCSG,254.55,253.5,10,2545.5,2535.0,61156,1987959142.5,7980010,1
2023-02-28,TCSG,256.75,257.6,10,2567.5,2576.0,16606,472031931.5,1836490,1
2023-03-01,TCSG,255.95,256.0,10,2559.5,2560.0,13211,332547523.5,1299910,1
2023-03-02,TCSG,251.1,250.65,10,2511.0,2506.5,23037,619483041.0,2454530,1
2023-03-03,TCSG,253.4,253.2,10,2534.0,2532.0,11512,317979890.5,1254400,1
2023-03-06,TCSG,253.85,253.9,10,2538.5,2539.0,13214,346076649.5,1357170,1
2023-03-07,TCSG,254.25,254.0,10,2542.5,2540.0,7428,175038700.0,689600,1
2023-03-09,TCSG,253.2,253.3,10,2532.0,2533.0,9743,187393278.0,738680,1
2023-03-10,TCSG,252.3,251.85,10,2523.0,2518.5,10503,275080719.0,1093910,1
2023-03-13,TCSG,252.45,251.75,10,2524.5,2517.5,12961,374960769.0,1482400,1
2023-03-14,TCSG,253.95,252.8,10,2539.5,2528.0,27494,1183766194.5,4641490,1
2023-03-15,TCSG,249.2,249.35,10,2492.0,2493.5,31299,915058164.5,3631980,1
2023-03-16,TCSG,244.55,243.85,10,2445.5,2438.5,30105,804724712.5,3302670,1
2023-03-17,TCSG,250.5,251.65,10,2505.0,2516.5,25180,769694663.5,3088960,1
2023-03-20,TCSG,253.65,252.75,10,2536.5,2527.5,29205,948661130.0,3761300,1
2023-03-21,TCSG,249.3,249.4,10,2493.0,2494.0,22735,667481002.5,2656790,1
2023-03-22,TCSG,248.6,249.35,10,2486.0,2493.5,11833,249555430.5,1002510,1
2023-03-23,TCSG,248.2,248.2,10,2482.0,2482.0,7996,163628201.0,658430,1
2023-03-24,TCSG,246.2,246.3,10,2462.0,2463.0,12540,233257837.0,944020,1
2023-03-27,TCSG,250.0,250.55,10,2500.0,2505.5,12954,426540490.0,1709830,1
2023-03-28,TCSG,248.75,248.8,10,2487.5,2488.0,9935,291499011.0,1171600,1
2023-03-29,TCSG,250.95,250.85,10,2509.5,2508.5,14960,501790681.0,1997240,1
2023-03-30,TCSG,251.45,251.1,10,2514.5,2511.0,10895,279910254.5,1115530,1
2023-03-31,TCSG,248.65,248.85,10,2486.5,2488.5,14491,403488141.5,1621130,1
2023-04-03,TCSG,250.0,248.7,10,2500.0,2487.0,13878,371627768.0,1489770,1
2023-04-04,TCSG,250.45,249.05,10,2504.5,2490.5,24523,792798188.5,3148420,1
2023-04-05,TCSG,250.25,249.35,10,2502.5,2493.5,11030,299137177.0,1200300,1
2023-04-06,TCSG,249.9,249.6,10,2499.0,2496.0,13205,360523586.0,1441320,1
2023-04-07,TCSG,261.7,256.9,10,2617.0,2569.0,43943,1588192936.0,6221020,1
2023-04-10,TCSG,274.4,272.65,10,2744.0,2726.5,50660,1799001035.0,6651000,1
2023-04-11,TCSG,264.0,264.1,10,2640.0,2641.0,47155,1618784249.5,6060060,1
2023-04-12,TCSG,265.85,266.8,10,2658.5,2668.0,19831,636051942.5,2384260,1
2023-04-13,TCSG,265.35,264.1,10,2653.5,2641.0,12323,360430297.0,1359570,1
2023-04-14,TCSG,267.5,265.2,10,2675.0,2652.0,15332,442153571.0,1664530,1
2023-04-17,TCSG,274.45,274.55,10,2744.5,2745.5,24871,837520830.0,3071070,1
2023-04-18,TCSG,273.45,273.2,10,2734.5,2732.0,17261,554535162.5,2030170,1
2023-04-19,TCSG,268.45,269.15,10,2684.5,2691.5,23853,671726962.5,2483190,1
2023-04-20,TCSG,269.0,270.75,10,2690.0,2707.5,20709,644161056.0,2404560,1
2023-04-21,TCSG,269.0,269.4,10,2690.0,2694.0,13061,376278094.0,1397350,1
2023-04-24,TCSG,271.0,270.8,10,2710.0,2708.0,15772,502238281.0,1848400,1
2023-04-25,TCSG,268.7,268.1,10,2687.0,2681.0,14261,373483852.5,1384650,1
2023-04-26,TCSG,269.35,269.0,10,2693.5,2690.0,11905,361623242.0,1341550,1
2023-04-27,TCSG,277.75,276.4,10,2777.5,2764.0,33392,1470789647.5,5346620,1
2023-04-28,TCSG,275.4,276.75,10,2754.0,2767.5,41326,1629766528.5,5863460,1
2023-05-02,TCSG,267.9,268.4,10,2679.0,2684.0,33061,1166364558.5,4312210,1
2023-05-03,TCSG,262.9,269.45,10,2629.0,2694.5,30277,985686547.5,3681480,1
2023-05-04,TCSG,265.25,264.0,10,2652.5,2640.0,14374,449771452.0,1696640,1
2023-05-05,TCSG,261.55,263.95,10,2615.5,2639.5,11649,332733105.0,1261500,1
2023-05-08,TCSG,261.0,262.6,10,2610.0,2626.0,6359,183865165.5,702470,1
2023-05-10,TCSG,271.8,269.15,10,2718.0,2691.5,21607,547299935.0,2042630,1
2023-05-11,TCSG,267.5,272.7,10,2675.0,2727.0,27755,857398116.0,3171810,1
2023-05-12,TCSG,267.0,267.0,10,2670.0,2670.0,9614,296714659.0,1110240,1
2023-05-15,TCSG,277.5,275.9,10,2775.0,2759.0,21447,858493950.0,3131710,1
2023-05-16,TCSG,289.2,283.4,10,2892.0,2834.0,33840,1286339465.0,4551560,1
2023-05-17,TCSG,296.9,298.0,10,2969.0,2980.0,50780,2077879276.5,7080600,1
2023-05-18,TCSG,302.6,304.5,10,3026.0,3045.0,46639,2006348529.5,6624900,1
2023-05-19,TCSG,296.65,298.35,10,2966.5,2983.5,37538,1497204684.0,5026720,1
2023-05-22,TCSG,319.9,316.7,10,3199.0,3167.0,59108,2577023261.0,8247580,1
2023-05-23,TCSG,313.95,316.0,10,3139.5,3160.0,51870,1840832052.5,5883450,1
2023-05-24,TCSG,322.7,325.5,10,3227.0,3255.0,65432,3106571369.0,9610730,1
2023-05-25,TCSG,317.7,317.3,10,3177.0,3173.0,31168,1091344780.0,3445090,1
2023-05-26,TCSG,321.7,322.7,10,3217.0,3227.0,26990,1095758408.5,3409490,1
2023-05-29,TCSG,341.75,345.0,10,3417.5,3450.0,59288,2570658651.5,7650120,1
2023-05-30,TCSG,332.85,333.35,10,3328.5,3333.5,44017,1802716178.5,5355810,1
2023-05-31,TCSG,331.75,333.3,10,3317.5,3333.0,34752,1435775887.0,4359750,1
2023-06-01,TCSG,328.7,332.4,10,3287.0,3324.0,24122,967591212.5,2896740,1
2023-06-02,TCSG,333.7,332.7,10,3337.0,3327.0,19809,848105032.5,2559740,1
2023-06-05,TCSG,322.4,325.95,10,3224.0,3259.5,30535,1162613993.5,3528300,1
2023-06-06,TCSG,324.8,325.75,10,3248.0,3257.5,29685,1144050147.5,3596120,1
2023-06-07,TCSG,328.1,328.2,10,3281.0,3282.0,17529,801593746.5,2440750,1
2023-06-08,TCSG,334.95,334.3,10,3349.5,3343.0,26056,1008351886.5,3016580,1
2023-06-09,TCSG,333.75,332.0,10,3337.5,3320.0,41055,1807856587.0,5323770,1
2023-06-13,TCSG,343.4,343.2,10,3434.0,3432.0,25740,1025585693.0,3016860,1
2023-06-14,TCSG,355.3,352.1,10,3553.0,3521.0,40650,1803662513.0,5166950,1
2023-06-15,TCSG,354.25,352.3,10,3542.5,3523.0,68029,2956827288.0,8291710,1
2023-06-16,TCSG,351.8,350.4,10,3518.0,3504.0,25508,939129925.0,2679560,1
2023-06-19,TCSG,346.3,346.5,10,3463.0,3465.0,32806,1348807202.5,3887310,1
2023-06-20,TCSG,340.45,339.2,10,3404.5,3392.0,30762,1113738442.5,3255020,1
2023-06-21,TCSG,338.7,338.3,10,3387.0,3383.0,20822,784546626.5,2316360,1
2023-06-22,TCSG,335.4,336.0,10,3354.0,3360.0,18180,543057826.5,1615780,1
2023-06-23,TCSG,322.65,330.0,10,3226.5,3300.0,58377,2103227670.0,6450140,1
2023-06-26,TCSG,329.35,325.9,10,3293.5,3259.0,76352,3004303169.5,9088320,1
2023-06-27,TCSG,330.85,330.8,10,3308.5,3308.0,32213,1338866284.5,4036370,1
2023-06-28,TCSG,329.6,328.75,10,3296.0,3287.5,19874,620357892.5,1874680,1
2023-06-29,TCSG,330.4,330.2,10,3304.0,3302.0,31594,1472367642.5,4430710,1
2023-06-30,TCSG,328.0,327.6,10,3280.0,3276.0,15176,478340482.5,1454870,1
2023-07-03,TCSG,323.1,322.6,10,3231.0,3226.0,26991,900138290.0,2774850,1
2023-07-04,TCSG,321.0,322.15,10,3210.0,3221.5,35724,1378701523.0,4314620,1
2023-07-05,TCSG,326.3,323.4,10,3263.0,3234.0,18185,672368287.0,2068600,1
2023-07-06,TCSG,325.1,325.1,10,3251.0,3251.0,16796,649798037.5,1994090,1
2023-07-07,TCSG,322.5,321.9,10,3225.0,3219.0,14523,465385302.0,1444940,1
2023-07-10,TCSG,336.2,334.5,10,3362.0,3345.0,38198,1722831928.5,5210480,1
2023-07-11,TCSG,341.8,339.1,10,3418.0,3391.0,39604,1376462606.0,4053250,1
2023-07-12,TCSG,340.0,339.8,10,3400.0,3398.0,26481,1049786241.0,3078390,1
2023-07-13,TCSG,337.1,338.4,10,3371.0,3384.0,27440,934472433.0,2774230,1
2023-07-14,TCSG,339.7,338.85,10,3397.0,3388.5,16186,602622246.5,1781730,1
2023-07-17,TCSG,347.25,346.9,10,3472.5,3469.0,31645,1448051135.0,4215730,1
2023-07-18,TCSG,348.2,346.7,10,3482.0,3467.0,27381,1048093168.5,3012690,1
2023-07-19,TCSG,346.4,347.0,10,3464.0,3470.0,20403,753872130.0,2176760,1
2023-07-20,TCSG,331.0,332.5,10,3310.0,3325.0,67960,2896746916.0,8591730,1
2023-07-21,TCSG,337.1,335.65,10,3371.0,3356.5,29928,1170161660.5,3491290,1
2023-07-24,TCSG,339.9,339.2,10,3399.0,3392.0,22471,808818169.5,2386060,1
2023-07-25,TCSG,344.8,343.2,10,3448.0,3432.0,22944,1068835684.5,3119210,1
2023-07-26,TCSG,342.4,341.85,10,3424.0,3418.5,29660,1314435844.0,3835580,1
2023-07-27,TCSG,340.3,340.2,10,3403.0,3402.0,28047,1077785320.5,3149070,1
2023-07-28,TCSG,339.9,339.5,10,3399.0,3395.0,17139,564035897.5,1661580,1
2023-07-31,TCSG,354.65,354.8,10,3546.5,3548.0,58624,3117265119.5,8907880,1
2023-08-01,TCSG,352.05,353.0,10,3520.5,3530.0,35813,1784530485.5,5072640,1
2023-08-02,TCSG,354.6,355.2,10,3546.0,3552.0,27713,1488882624.0,4208150,1
2023-08-03,TCSG,363.9,362.4,10,3639.0,3624.0,48448,2570250367.0,7124200,1
2023-08-04,TCSG,351.8,351.4,10,3518.0,3514.0,71325,3523085595.0,9785920,1
2023-08-07,TCSG,352.45,353.5,10,3524.5,3535.0,33723,1303077293.0,3663440,1
2023-08-08,TCSG,353.7,351.0,10,3537.0,3510.0,30714,1159891119.0,3329700,1
2023-08-09,TCSG,353.35,351.75,10,3533.5,3517.5,22847,910492901.0,2576400,1
2023-08-10,TCSG,368.45,367.0,10,3684.5,3670.0,54787,2013995632.5,5568260,1
2023-08-11,TCSG,372.95,370.9,10,3729.5,3709.0,64936,2850051610.0,7656400,1
2023-08-14,TCSG,359.15,360.0,10,3591.5,3600.0,60286,2412165074.5,6562970,1
2023-08-15,TCSG,357.5,359.2,10,3575.0,3592.0,53093,1710240912.5,4727940,1
2023-08-16,TCSG,349.8,346.95,10,3498.0,3469.5,45714,1676774574.0,4799450,1
2023-08-17,TCSG,354.9,348.4,10,3549.0,3484.0,29520,1136311596.5,3249740,1
2023-08-18,TCSG,359.2,356.5,10,3592.0,3565.0,31640,1271325312.5,3574230,1
2023-08-21,TCSG,361.65,359.5,10,3616.5,3595.0,46796,2001074090.5,5556380,1
2023-08-22,TCSG,361.15,359.65,10,3611.5,3596.5,38936,1607136958.5,4482000,1
2023-08-23,TCSG,355.8,360.35,10,3558.0,3603.5,43786,2522512533.0,7036200,1
2023-08-24,TCSG,352.9,351.8,10,3529.0,3518.0,33997,1554200410.0,4388750,1
2023-08-25,TCSG,350.9,351.5,10,3509.0,3515.0,36650,1553591108.5,4431270,1
2023-08-28,TCSG,358.45,356.55,10,3584.5,3565.5,35936,1656783466.0,4663360,1
2023-08-29,TCSG,356.85,358.9,10,3568.5,3589.0,47444,2495413279.0,6981230,1
2023-08-30,TCSG,355.45,355.95,10,3554.5,3559.5,36414,1053325514.0,2967130,1
2023-08-31,TCSG,367.05,363.0,10,3670.5,3630.0,61325,3096760714.5,8559280,1
2023-09-01,TCSG,363.95,365.0,10,3639.5,3650.0,28504,1337629012.5,3678870,1
2023-09-04,TCSG,376.2,376.2,10,3762.0,3762.0,57493,3011489670.0,8077310,1
2023-09-05,TCSG,374.1,376.35,10,3741.0,3763.5,64456,2868948333.5,7629470,1
2023-09-06,TCSG,364.45,364.85,10,3644.5,3648.5,45101,2378310034.5,6487040,1
2023-09-07,TCSG,353.95,352.5,10,3539.5,3525.0,60677,2710949517.5,7585860,1
2023-09-08,TCSG,349.3,353.1,10,3493.0,3531.0,36886,1472836929.0,4204570,1
2023-09-11,TCSG,345.3,346.2,10,3453.0,3462.0,33467,1312263933.5,3766630,1
2023-09-12,TCSG,359.45,358.0,10,3594.5,3580.0,33906,1512215406.0,4272880,1
2023-09-13,TCSG,352.1,353.9,10,3521.0,3539.0,28676,1129360505.0,3184100,1
2023-09-14,TCSG,346.25,346.6,10,3462.5,3466.0,38927,1557743669.5,4477720,1
2023-09-15,TCSG,352.7,351.4,10,3527.0,3514.0,34187,1581531658.5,4507480,1
2023-09-18,TCSG,349.4,349.0,10,3494.0,3490.0,30039,1178476614.5,3342820,1
2023-09-19,TCSG,335.5,340.8,10,3355.0,3408.0,50829,1826526574.5,5353310,1
2023-09-20,TCSG,336.4,331.75,10,3364.0,3317.5,49805,1820360802.5,5503070,1
2023-09-21,TCSG,326.0,327.15,10,3260.0,3271.5,36197,1185235369.5,3585920,1
2023-09-22,TCSG,331.25,331.9,10,3312.5,3319.0,31365,987344184.5,3016770,1
2023-09-25,TCSG,327.35,328.15,10,3273.5,3281.5,26871,849526658.5,2596120,1
2023-09-26,TCSG,326.75,328.6,10,3267.5,3286.0,22908,905664678.5,2780750,1
2023-09-27,TCSG,328.75,328.7,10,3287.5,3287.0,29033,1627923575.0,4945120,1
2023-09-28,TCSG,329.75,328.85,10,3297.5,3288.5,26790,1287836918.5,3915200,1
2023-09-29,TCSG,325.85,325.7,10,3258.5,3257.0,32664,1643291366.0,5035190,1
2023-10-02,TCSG,325.5,324.8,10,3255.0,3248.0,23279,1023045266.0,3137530,1
2023-10-03,TCSG,326.75,325.9,10,3267.5,3259.0,32072,1408737331.5,4329420,1
2023-10-04,TCSG,327.8,327.1,10,3278.0,3271.0,28638,1563125633.5,4754380,1
2023-10-05,TCSG,328.05,329.2,10,3280.5,3292.0,23328,1263613659.0,3847310,1
2023-10-06,TCSG,332.35,329.0,10,3323.5,3290.0,25922,1461805233.0,4438890,1
2023-10-09,TCSG,335.3,333.7,10,3353.0,3337.0,33349,1452008247.5,4327560,1
2023-10-10,TCSG,339.0,338.0,10,3390.0,3380.0,27053,1089419868.0,3228180,1
2023-10-11,TCSG,332.55,340.0,10,3325.5,3400.0,33639,1541654578.5,4557790,1
2023-10-12,TCSG,339.1,336.3,10,3391.0,3363.0,25373,1104230986.0,3284390,1
2023-10-13,TCSG,347.5,349.75,10,3475.0,3497.5,54503,2640342434.0,7610060,1
2023-10-16,TCSG,350.95,349.5,10,3509.5,3495.0,37211,1776058517.5,5082410,1
2023-10-17,TCSG,351.4,353.5,10,3514.0,3535.0,25056,1338478666.5,3814850,1
2023-10-18,TCSG,347.2,348.5,10,3472.0,3485.0,30227,1443074250.5,4133710,1
2023-10-19,TCSG,353.35,353.8,10,3533.5,3538.0,31987,1714402193.0,4869230,1
2023-10-20,TCSG,349.55,350.0,10,3495.5,3500.0,24336,1256584376.5,3593990,1
2023-10-23,TCSG,348.05,349.8,10,3480.5,3498.0,19885,811970945.0,2321650,1
2023-10-24,TCSG,348.3,348.9,10,3483.0,3489.0,19053,847489022.0,2439590,1
2023-10-25,TCSG,349.75,350.0,10,3497.5,3500.0,25827,957318030.5,2733850,1
2023-10-26,TCSG,344.9,346.5,10,3449.0,3465.0,21211,918697073.5,2640700,1
2023-10-27,TCSG,342.55,344.7,10,3425.5,3447.0,27538,1078767947.5,3142900,1
2023-10-30,TCSG,339.1,341.6,10,3391.0,3416.0,17498,686341664.0,2005200,1
2023-10-31,TCSG,341.6,341.2,10,3416.0,3412.0,20688,766371103.0,2265190,1
2023-11-01,TCSG,344.55,345.75,10,3445.5,3457.5,21533,987803238.5,2863770,1
2023-11-02,TCSG,342.45,343.0,10,3424.5,3430.0,16357,721090505.5,2088730,1
2023-11-03,TCSG,341.7,343.15,10,3417.0,3431.5,15035,550585260.0,1607330,1
2023-11-06,TCSG,343.45,342.25,10,3434.5,3422.5,9557,353698743.5,1031450,1
2023-11-07,TCSG,351.85,352.1,10,3518.5,3521.0,29309,1384454324.5,3964070,1
2023-11-08,TCSG,354.35,355.95,10,3543.5,3559.5,29339,1565436992.0,4416760,1
2023-11-09,TCSG,351.85,353.2,10,3518.5,3532.0,19004,959922008.0,2723180,1
2023-11-10,TCSG,348.1,349.6,10,3481.0,3496.0,34696,1920760733.0,5455000,1
2023-11-13,TCSG,348.2,347.2,10,3482.0,3472.0,24783,1078894177.5,3110590,1
2023-11-14,TCSG,342.15,345.5,10,3421.5,3455.0,27135,754496228.0,2191560,1
2023-11-15,TCSG,341.75,343.5,10,3417.5,3435.0,20134,784677272.0,2300730,1
2023-11-16,TCSG,339.5,341.1,10,3395.0,3411.0,17969,677618985.5,1982150,1
2023-11-17,TCSG,340.7,343.5,10,3407.0,3435.0,24595,1243688766.5,3657380,1
2023-11-20,TCSG,346.5,347.0,10,3465.0,3470.0,32315,2445381677.0,7076620,1
2023-11-21,TCSG,350.4,353.0,10,3504.0,3530.0,41508,2858770377.0,8146900,1
2023-11-22,TCSG,353.0,354.0,10,3530.0,3540.0,40805,2584620864.5,7316030,1
2023-11-23,TCSG,346.45,348.6,10,3464.5,3486.0,24795,1094526789.0,3125120,1
2023-11-24,TCSG,346.9,348.5,10,3469.0,3485.0,20671,740580718.5,2139410,1
2023-11-27,TCSG,343.25,345.25,10,3432.5,3452.5,21792,850654949.5,2465880,1
2023-11-28,TCSG,343.0,345.35,10,3430.0,3453.5,23629,668096949.0,1953890,1
2023-11-29,TCSG,341.6,342.05,10,3416.0,3420.5,16136,565941573.5,1643370,1
2023-11-30,TCSG,334.4,337.5,10,3344.0,3375.0,27570,1259868262.5,3754830,1
2023-12-01,TCSG,329.9,331.3,10,3299.0,3313.0,19399,666026667.5,2004840,1
2023-12-04,TCSG,324.35,328.1,10,3243.5,3281.0,27271,1035502076.0,3181600,1
2023-12-05,TCSG,322.25,320.4,10,3222.5,3204.0,28107,1222127565.5,3805960,1
2023-12-06,TCSG,307.9,314.6,10,3079.0,3146.0,36379,1431834703.0,4560270,1
2023-12-07,TCSG,310.85,310.3,10,3108.5,3103.0,21845,848778146.5,2737410,1
2023-12-08,TCSG,310.55,310.0,10,3105.5,3100.0,15887,603237242.5,1933800,1
2023-12-11,TCSG,293.6,297.0,10,2936.0,2970.0,43066,1362493530.0,4536670,1
2023-12-12,TCSG,303.6,305.35,10,3036.0,3053.5,37496,1656130125.0,5498570,1
2023-12-13,TCSG,301.65,300.65,10,3016.5,3006.5,17713,695013554.0,2287760,1
2023-12-14,TCSG,299.0,298.85,10,2990.0,2988.5,27306,1546273164.5,5103810,1
2023-12-15,TCSG,299.9,299.85,10,2999.0,2998.5,33958,1510881777.0,5080970,1
2023-12-18,TCSG,302.0,303.7,10,3020.0,3037.0,25005,1836362480.5,6081980,1
2023-12-19,TCSG,307.35,304.05,10,3073.5,3040.5,22111,1086993783.5,3551520,1
2023-12-20,TCSG,305.0,306.25,10,3050.0,3062.5,16323,758218626.5,2479680,1
2023-12-21,TCSG,300.6,302.5,10,3006.0,3025.0,18581,734669768.0,2442060,1
2023-12-22,TCSG,303.2,303.0,10,3032.0,3030.0,11084,477745387.0,1576560,1
2023-12-25,TCSG,308.45,307.9,10,3084.5,3079.0,25794,1575152517.0,5130810,1
2023-12-26,TCSG,308.45,308.5,10,3084.5,3085.0,15632,726655091.0,2358510,1
2023-12-27,TCSG,318.3,312.5,10,3183.0,3125.0,28497,1450438171.5,4645760,1
2023-12-28,TCSG,321.15,319.0,10,3211.5,3190.0,25200,1311973743.0,4142270,1
2023-12-29,TCSG,321.05,322.2,10,3210.5,3222.0,16346,647711236.5,2019570,1
2024-01-03,TCSG,328.5,326.2,10,3285.0,3262.0,16419,635238655.0,1951230,1
2024-01-04,TCSG,326.1,326.0,10,3261.0,3260.0,13911,487364412.0,1490950,1
2024-01-05,TCSG,323.6,322.35,10,3236.0,3223.5,11577,386838443.5,1197870,1
2024-01-08,TCSG,325.0,326.5,10,3250.0,3265.0,16048,572822086.0,1752550,1
2024-01-09,TCSG,329.45,328.55,10,3294.5,3285.5,23651,996286022.0,3034940,1
2024-01-10,TCSG,329.35,330.05,10,3293.5,3300.5,15964,602215203.0,1819300,1
2024-01-11,TCSG,327.8,326.0,10,3278.0,3260.0,21555,939387796.5,2870780,1
2024-01-12,TCSG,335.55,332.95,10,3355.5,3329.5,27275,1346749772.0,4049510,1
2024-01-15,TCSG,342.6,338.8,10,3426.0,3388.0,42702,2000938850.5,5899880,1
2024-01-16,TCSG,327.1,327.45,10,3271.0,3274.5,82857,4065004768.5,12310480,1
2024-01-17,TCSG,318.4,319.9,10,3184.0,3199.0,68620,2772037341.5,8680480,1
2024-01-18,TCSG,314.8,315.6,10,3148.0,3156.0,37286,1545198752.0,4864590,1
2024-01-19,TCSG,310.85,310.7,10,3108.5,3107.0,38753,1693123949.5,5452050,1
2024-01-22,TCSG,313.3,309.8,10,3133.0,3098.0,28779,1182356473.0,3819780,1
2024-01-23,TCSG,310.75,311.45,10,3107.5,3114.5,25440,1135873593.5,3653060,1
2024-01-24,TCSG,307.7,307.75,10,3077.0,3077.5,22680,836748977.0,2713100,1
2024-01-25,TCSG,306.95,307.8,10,3069.5,3078.0,38603,1752116130.0,5758620,1
2024-01-26,TCSG,309.3,309.9,10,3093.0,3099.0,26747,1397982258.5,4531080,1
2024-01-29,TCSG,316.2,313.85,10,3162.0,3138.5,33020,1524643662.0,4862930,1
2024-01-30,TCSG,321.95,321.3,10,3219.5,3213.0,37329,1935930141.0,6076870,1
2024-01-31,TCSG,318.3,321.3,10,3183.0,3213.0,35243,1410169576.0,4380030,1
2024-02-01,TCSG,318.55,319.95,10,3185.5,3199.5,17664,766634461.0,2401980,1
2024-02-02,TCSG,315.75,316.05,10,3157.5,3160.5,15016,505882241.5,1600110,1
2024-02-05,TCSG,317.5,317.2,10,3175.0,3172.0,21277,742903648.5,2349310,1
2024-02-06,TCSG,319.5,318.95,10,3195.0,3189.5,15171,579997518.5,1817530,1
2024-02-07,TCSG,327.75,327.9,10,3277.5,3279.0,32595,1442848721.0,4450650,1
2024-02-08,TCSG,314.5,318.0,10,3145.0,3180.0,72436,4014468746.5,12627590,1
2024-02-09,TCSG,306.6,307.05,10,3066.0,3070.5,42499,1461520327.0,4727600,1
2024-02-12,TCSG,305.6,308.7,10,3056.0,3087.0,81360,2856919230.5,9405550,1
2024-02-13,TCSG,310.95,312.25,10,3109.5,3122.5,33952,1253319779.5,4071670,1
2024-02-14,TCSG,310.3,314.0,10,3103.0,3140.0,31578,1304294615.5,4174720,1
2024-02-15,TCSG,305.7,301.15,10,3057.0,3011.5,42650,1309770087.0,4285220,1
2024-03-18,TCSG,306.7,305.7,10,3067.0,3057.0,380060,39901986018.5,133820470,1
2024-03-19,TCSG,325.25,321.05,10,3252.5,3210.5,331765,33220642097.5,105002580,1
2024-03-20,TCSG,314.95,314.6,10,3149.5,3146.0,440874,49046535270.0,154004920,1
2024-03-21,TCSG,306.7,305.9,10,3067.0,3059.0,167025,13878352635.5,44733270,1
2024-03-22,TCSG,301.2,304.85,10,3012.0,3048.5,127897,12329195124.5,40208010,1
2024-03-25,TCSG,309.6,309.0,10,3096.0,3090.0,74580,8202069945.5,26763030,1
2024-03-26,TCSG,313.55,313.3,10,3135.5,3133.0,64879,8379078023.5,26667260,1
2024-03-27,TCSG,315.5,314.4,10,3155.0,3144.0,54569,7139629407.5,22670070,1
2024-03-28,TCSG,311.9,314.1,10,3119.0,3141.0,28572,3503082952.5,11132540,1
2024-03-29,TCSG,316.3,316.15,10,3163.0,3161.5,43318,5310490712.5,16791920,1
2024-04-01,TCSG,320.5,320.55,10,3205.0,3205.5,78226,7495416073.0,23429090,1
2024-04-02,TCSG,318.6,318.4,10,3186.0,3184.0,61578,7002965259.0,21851510,1
2024-04-03,TCSG,317.45,316.8,10,3174.5,3168.0,39812,6186683090.5,19431720,1
2024-04-04,TCSG,312.8,314.5,10,3128.0,3145.0,68315,5633375426.5,17839470,1
2024-04-05,TCSG,314.0,314.0,10,3140.0,3140.0,26371,3620701610.5,11535540,1
2024-04-08,TCSG,315.35,315.0,10,3153.5,3150.0,32358,4160698438.5,13179130,1
2024-04-09,TCSG,312.9,311.55,10,3129.0,3115.5,28128,3942391219.5,12525820,1
2024-04-10,TCSG,313.4,314.1,10,3134.0,3141.0,33869,6107144050.0,19658970,1
2024-04-11,TCSG,310.8,311.25,10,3108.0,3112.5,24729,2652891097.5,8522580,1
2024-04-12,TCSG,308.65,309.35,10,3086.5,3093.5,24919,2254463081.0,7275520,1
2024-04-15,TCSG,310.1,310.95,10,3101.0,3109.5,25103,2989428517.5,9640570,1
2024-04-16,TCSG,306.9,307.0,10,3069.0,3070.0,63700,2936791322.5,9527510,1
2024-04-17,TCSG,302.8,302.7,10,3028.0,3027.0,89539,5734500225.5,18889780,1
2024-04-18,TCSG,307.1,308.95,10,3071.0,3089.5,66865,5494080112.0,17938210,1
2024-04-19,TCSG,307.35,307.15,10,3073.5,3071.5,41924,3823050552.0,12366750,1
2024-04-22,TCSG,306.55,305.9,10,3065.5,3059.0,19445,2427893141.0,7899490,1
2024-04-23,TCSG,310.35,310.8,10,3103.5,3108.0,69102,8215764672.0,26423380,1
2024-04-24,TCSG,309.8,310.0,10,3098.0,3100.0,14972,1631581709.5,5259550,1
2024-04-25,TCSG,309.7,309.75,10,3097.0,3097.5,19401,1981037893.0,6409740,1
2024-04-26,TCSG,309.05,308.75,10,3090.5,3087.5,15902,1803186931.5,5828980,1
2024-04-27,TCSG,308.6,310.0,10,3086.0,3100.0,15252,1980627868.0,6414930,1
2024-04-29,TCSG,309.05,308.7,10,3090.5,3087.0,12528,976793559.0,3157730,1
2024-04-30,TCSG,308.4,308.45,10,3084.0,3084.5,6897,560087737.0,1814510,1
2024-05-02,TCSG,307.9,307.8,10,3079.0,3078.0,12390,1325440370.0,4297720,1
2024-05-03,TCSG,305.5,305.85,10,3055.0,3058.5,17841,1743458596.5,5691100,1
2024-05-06,TCSG,315.35,315.5,10,3153.5,3155.0,73678,7677335150.0,24631550,1
2024-05-07,TCSG,313.65,314.95,10,3136.5,3149.5,39924,4742866707.5,15032990,1
2024-05-08,TCSG,308.6,310.4,10,3086.0,3104.0,54607,5534415957.0,17685310,1
2024-05-10,TCSG,310.0,309.6,10,3100.0,3096.0,20736,1574642343.0,5067240,1
2024-05-13,TCSG,308.75,312.05,10,3087.5,3120.5,34908,4978588359.0,16065130,1
2024-05-14,TCSG,309.5,309.2,10,3095.0,3092.0,19879,2581074545.5,8346210,1
2024-05-15,TCSG,310.0,309.8,10,3100.0,3098.0,20242,2006563608.5,6485880,1
2024-05-16,TCSG,308.95,309.45,10,3089.5,3094.5,50995,5451159589.0,17551590,1
2024-05-17,TCSG,306.0,307.1,10,3060.0,3071.0,26624,2444496311.5,7961660,1
2024-05-20,TCSG,302.25,299.8,10,3022.5,2998.0,87094,7143466798.5,23710540,1
2024-05-21,TCSG,299.95,299.9,10,2999.5,2999.0,44414,2440567438.0,8140530,1
2024-05-22,TCSG,295.45,296.95,10,2954.5,2969.5,49705,3335774543.0,11220870,1
2024-05-23,TCSG,296.7,299.4,10,2967.0,2994.0,61456,5830044625.0,19737830,1
2024-05-24,TCSG,290.95,293.0,10,2909.5,2930.0,32083,2939047440.0,10014310,1
2024-05-27,TCSG,282.2,286.9,10,2822.0,2869.0,75719,6697710310.5,23344120,1
2024-05-28,TCSG,286.7,286.5,10,2867.0,2865.0,47219,3625835754.5,12633330,1
2024-05-29,TCSG,292.9,296.45,10,2929.0,2964.5,79184,6691645272.0,23055440,1
2024-05-30,TCSG,289.7,293.0,10,2897.0,2930.0,57823,4727223978.5,16120420,1
2024-05-31,TCSG,281.0,283.4,10,2810.0,2834.0,65443,4593541894.5,16103040,1
2024-06-03,TCSG,280.4,277.1,10,2804.0,2771.0,84451,5711919816.0,20635480,1
2024-06-04,TCSG,289.3,288.2,10,2893.0,2882.0,48131,4106550259.0,14390690,1
2024-06-05,TCSG,291.9,293.7,10,2919.0,2937.0,47620,5393637483.0,18374160,1
2024-06-06,TCSG,291.25,292.8,10,2912.5,2928.0,36588,2896989126.0,9951180,1
2024-06-07,TCSG,295.7,297.05,10,2957.0,2970.5,44404,4213674886.5,14260240,1
2024-06-10,TCSG,288.65,289.8,10,2886.5,2898.0,46417,4105959785.0,13949400,1
2024-06-11,TCSG,289.05,290.0,10,2890.5,2900.0,39077,3346967702.0,11607710,1
2024-06-13,TCSG,288.6,289.95,10,2886.0,2899.5,44624,4127729229.0,14422690,1
2024-06-14,TCSG,290.6,291.55,10,2906.0,2915.5,28578,2886716135.0,9892650,1
2024-06-17,TCSG,289.7,289.4,10,2897.0,2894.0,29898,2918387473.5,10005550,1
2024-06-18,TCSG,281.55,283.0,10,2815.5,2830.0,52831,2953679044.5,10355700,1
2024-06-19,TCSG,277.4,277.5,10,2774.0,2775.0,53505,3545760609.0,12655210,1
2024-06-20,TCSG,292.3,294.4,10,2923.0,2944.0,84631,7202005982.5,25205570,1
2024-06-21,TCSG,288.45,291.5,10,2884.5,2915.0,45888,3736635163.5,12784150,1
2024-06-24,TCSG,286.8,288.95,10,2868.0,2889.5,38278,3537762646.0,12298890,1
2024-06-25,TCSG,289.55,289.35,10,2895.5,2893.5,20648,1875381826.5,6528850,1
2024-06-26,TCSG,295.95,296.2,10,2959.5,2962.0,36683,3577585694.5,12208530,1
2024-06-27,TCSG,295.8,297.65,10,2958.0,2976.5,39137,3475913556.5,11705510,1
2024-06-28,TCSG,296.85,298.35,10,2968.5,2983.5,22645,2254246139.0,7575730,1
2024-07-01,TCSG,299.15,299.8,10,2991.5,2998.0,28158,3033286985.0,10113130,1
2024-07-02,TCSG,294.0,294.65,10,2940.0,2946.5,33317,2733325964.5,9227770,1
2024-07-03,TCSG,290.35,292.7,10,2903.5,2927.0,26001,2513214430.0,8580700,1
2024-07-04,TCSG,283.15,283.4,10,2831.5,2834.0,37453,3260816824.5,11368610,1
2024-07-05,TCSG,281.55,282.35,10,2815.5,2823.5,40223,3535668033.0,12535580,1
2024-07-08,TCSG,279.5,279.8,10,2795.0,2798.0,27076,2008576459.5,7134340,1
2024-07-09,TCSG,267.45,270.3,10,2674.5,2703.0,51199,4530385752.5,16550290,1
2024-07-10,TCSG,260.55,266.1,10,2605.5,2661.0,63341,5512589525.0,20584620,1
2024-07-11,TCSG,274.1,272.8,10,2741.0,2728.0,44992,4596830914.5,16998480,1
2024-07-12,TCSG,269.25,269.6,10,2692.5,2696.0,37246,3935726281.5,14517750,1
2024-07-15,TCSG,261.45,260.35,10,2614.5,2603.5,45324,3985033781.5,15063380,1
2024-07-16,TCSG,265.2,263.7,10,2652.0,2637.0,62244,6645106467.0,25490960,1
2024-07-17,TCSG,262.75,261.8,10,2627.5,2618.0,56311,4300096394.0,16227900,1
2024-07-18,TCSG,273.6,273.05,10,2736.0,2730.5,48951,4394719653.5,16426770,1
2024-07-19,TCSG,274.6,274.05,10,2746.0,2740.5,47992,5636556495.5,20521280,1
2024-07-22,TCSG,277.25,276.85,10,2772.5,2768.5,50423,5008011905.0,18021400,1
2024-07-23,TCSG,272.9,273.3,10,2729.0,2733.0,47460,5096190067.0,18568790,1
2024-07-24,TCSG,271.0,272.1,10,2710.0,2721.0,37856,4143393463.5,15203160,1
2024-07-25,TCSG,268.5,269.9,10,2685.0,2699.0,35831,3099991043.5,11503130,1
2024-07-26,TCSG,261.35,262.8,10,2613.5,2628.0,84890,6313358325.5,23656980,1
2024-07-29,TCSG,257.05,256.7,10,2570.5,2567.0,62787,4590097398.0,17846930,1
2024-07-30,TCSG,265.55,266.5,10,2655.5,2665.0,58541,4494874582.0,17119050,1
2024-07-31,TCSG,263.5,263.3,10,2635.0,2633.0,28201,2562963859.5,9685780,1
2024-08-01,TCSG,260.3,261.7,10,2603.0,2617.0,22446,1849565487.0,7030780,1
2024-08-02,TCSG,257.4,259.05,10,2574.0,2590.5,32538,2371195902.0,9160030,1
2024-08-05,TCSG,254.6,255.35,10,2546.0,2553.5,64475,5418801252.0,21376860,1
2024-08-06,TCSG,255.5,254.35,10,2555.0,2543.5,41655,3590466054.5,14043990,1
2024-08-07,TCSG,260.75,262.3,10,2607.5,2623.0,66357,5551617683.0,21451040,1
2024-08-08,TCSG,257.1,258.7,10,2571.0,2587.0,44906,4070157854.0,15637480,1
2024-08-09,TCSG,257.2,257.7,10,2572.0,2577.0,37620,3038881873.5,11712760,1
2024-08-12,TCSG,261.75,261.6,10,2617.5,2616.0,48197,4222878687.5,16248460,1
2024-08-13,TCSG,263.15,263.0,10,2631.5,2630.0,38437,3253847531.0,12350810,1
2024-08-14,TCSG,259.0,261.1,10,2590.0,2611.0,35124,2745620740.5,10470840,1
2024-08-15,TCSG,256.7,257.4,10,2567.0,2574.0,36185,3013918494.5,11676290,1
2024-08-16,TCSG,256.3,257.95,10,2563.0,2579.5,34046,3141105869.0,12193850,1
2024-08-19,TCSG,261.55,260.0,10,2615.5,2600.0,62149,5942663539.0,22922770,1
2024-08-20,TCSG,261.7,262.55,10,2617.0,2625.5,85029,8330742582.0,31573710,1
2024-08-21,TCSG,263.0,260.55,10,2630.0,2605.5,54697,5242286021.5,20025450,1
2024-08-22,TCSG,257.5,257.15,10,2575.0,2571.5,50129,4334126939.5,16643970,1
2024-08-23,TCSG,253.0,249.0,10,2530.0,2490.0,88110,6677595359.5,26340240,1
2024-08-26,TCSG,257.6,257.55,10,2576.0,2575.5,52027,4238113122.5,16454000,1
2024-08-27,TCSG,254.65,254.95,10,2546.5,2549.5,43482,3250014664.5,12705650,1
2024-08-28,TCSG,253.4,253.0,10,2534.0,2530.0,47699,3040622481.0,12035730,1
2024-08-29,TCSG,250.4,250.1,10,2504.0,2501.0,44280,3558472854.0,14155460,1
2024-08-30,TCSG,239.7,242.8,10,2397.0,2428.0,85661,5589895183.5,22866770,1
2024-09-02,TCSG,224.55,228.95,10,2245.5,2289.5,100387,8355023688.0,36188620,1
2024-09-03,TCSG,225.6,223.9,10,2256.0,2239.0,87928,7893758827.5,34944620,1
2024-09-04,TCSG,232.75,230.7,10,2327.5,2307.0,58248,5066301406.5,22133200,1
2024-09-05,TCSG,229.7,230.8,10,2297.0,2308.0,71502,4802123673.5,20565480,1
2024-09-06,TCSG,231.6,230.7,10,2316.0,2307.0,34844,2577935431.5,11153600,1
2024-09-09,TCSG,241.15,240.55,10,2411.5,2405.5,63530,5086908023.5,21436320,1
2024-09-10,TCSG,238.8,237.05,10,2388.0,2370.5,58498,5093172340.5,21283020,1
2024-09-11,TCSG,232.25,236.5,10,2322.5,2365.0,43818,4039054033.0,17088810,1
2024-09-12,TCSG,231.55,230.8,10,2315.5,2308.0,43949,3627745186.5,15664640,1
2024-09-13,TCSG,232.9,233.4,10,2329.0,2334.0,70763,6248647293.5,27051340,1
2024-09-16,TCSG,243.2,241.9,10,2432.0,2419.0,64446,5180141702.5,21640310,1
2024-09-17,TCSG,244.85,244.5,10,2448.5,2445.0,57351,5127867352.5,21094320,1
2024-09-18,TCSG,244.25,246.2,10,2442.5,2462.0,55100,4761739395.0,19387480,1
2024-09-19,TCSG,247.0,247.8,10,2470.0,2478.0,49834,4251266811.0,17231140,1
2024-09-20,TCSG,252.9,252.4,10,2529.0,2524.0,62908,4699716945.5,18728160,1
2024-09-23,TCSG,258.5,257.8,10,2585.0,2578.0,54653,4020037455.5,15654340,1
2024-09-24,TCSG,264.25,263.35,10,2642.5,2633.5,59912,6635530288.5,25385470,1
2024-09-25,TCSG,265.95,266.2,10,2659.5,2662.0,162721,18526042422.0,68798870,1
2024-09-26,TCSG,261.4,261.65,10,2614.0,2616.5,87529,9675398488.0,36515590,1
2024-09-27,TCSG,264.3,263.7,10,2643.0,2637.0,75397,7416830634.0,28090750,1
2024-09-30,TCSG,262.35,265.3,10,2623.5,2653.0,63150,7053992117.5,26500830,1
2024-10-01,TCSG,256.05,256.05,10,2560.5,2560.5,86376,10059736656.0,39019010,1
2024-10-02,TCSG,249.85,250.05,10,2498.5,2500.5,95395,9417934876.0,37168830,1
2024-10-03,TCSG,258.9,255.75,10,2589.0,2557.5,109287,10449513309.5,41106410,1
2024-10-04,TCSG,254.75,256.3,10,2547.5,2563.0,88487,8384204809.5,32479290,1
2024-10-07,TCSG,252.35,253.15,10,2523.5,2531.5,67632,6632155030.5,26132510,1
2024-10-08,TCSG,253.1,252.75,10,2531.0,2527.5,50419,5134227340.0,20303510,1
2024-10-09,TCSG,256.8,255.85,10,2568.0,2558.5,101444,10876001073.5,42508820,1
2024-10-10,TCSG,256.65,257.0,10,2566.5,2570.0,51242,4787937431.5,18620460,1
2024-10-11,TCSG,254.6,255.9,10,2546.0,2559.0,41437,3684929742.0,14402710,1
2024-10-14,TCSG,259.85,261.9,10,2598.5,2619.0,88096,8087826748.5,31371630,1
2024-10-15,TCSG,261.95,261.9,10,2619.5,2619.0,64453,7452413692.0,28429640,1
2024-10-16,TCSG,260.15,259.7,10,2601.5,2597.0,54846,5954072021.0,22769000,1
2024-10-17,TCSG,257.75,259.35,10,2577.5,2593.5,49310,4889637816.0,18820340,1
2024-10-18,TCSG,256.85,257.25,10,2568.5,2572.5,63257,5325512839.0,20703900,1
2024-10-21,TCSG,258.4,258.15,10,2584.0,2581.5,48179,5107737316.5,19726270,1
2024-10-22,TCSG,255.5,256.4,10,2555.0,2564.0,48452,5038469534.0,19565640,1
2024-10-23,TCSG,248.35,252.45,10,2483.5,2524.5,79952,8250541974.0,32714710,1
2024-10-24,TCSG,253.2,253.0,10,2532.0,2530.0,86578,9701797122.0,38667570,1
2024-10-25,TCSG,240.9,244.0,10,2409.0,2440.0,149977,17061780679.5,68951590,1
2024-10-28,TCSG,232.25,232.35,10,2322.5,2323.5,134672,15127324162.5,64299330,1
2024-10-29,TCSG,239.0,236.4,10,2390.0,2364.0,119134,14508422391.5,61838090,1
2024-10-30,TCSG,234.1,237.8,10,2341.0,2378.0,103660,12459205357.0,52362070,1
2024-10-31,TCSG,232.75,232.55,10,2327.5,2325.5,90040,10477242488.0,44889130,1
2024-11-01,TCSG,234.4,234.44,10,2344.0,2344.4,114406,9278068771.2,39767270,1
2024-11-02,TCSG,231.26,229.38,10,2312.6,2293.8,101942,9030913333.6,38873450,1
2024-11-05,TCSG,232.42,232.34,10,2324.2,2323.4,87468,7342738976.6,31633400,1
2024-11-06,TCSG,237.36,236.5,10,2373.6,2365.0,184566,19016486763.8,79439380,1
2024-11-07,TCSG,248.2,242.78,10,2482.0,2427.8,167355,16722197648.0,69403490,1
2024-11-08,TCSG,257.3,251.8,10,2573.0,2518.0,223351,24986789287.4,99082820,1
2024-11-11,TCSG,261.42,262.3,10,2614.2,2623.0,200209,22059373462.2,84201190,1
2024-11-12,TCSG,254.98,258.42,10,2549.8,2584.2,169307,17368295561.8,67170220,1
2024-11-13,TCSG,252.4,257.0,10,2524.0,2570.0,171143,19552926050.6,76478230,1
2024-11-14,TCSG,255.4,253.46,10,2554.0,2534.6,163484,17446964268.8,68301660,1
2024-11-15,TCSG,260.36,257.6,10,2603.6,2576.0,140477,16651616477.0,64737660,1
2024-11-18,TCSG,264.04,265.0,10,2640.4,2650.0,233409,30068083155.0,115029080,1
2024-11-19,TCSG,259.1,258.8,10,2591.0,2588.0,280670,32845022904.6,125029630,1
2024-11-20,TCSG,254.02,256.76,10,2540.2,2567.6,248064,25785097228.6,99629490,1
2024-11-21,TCSG,257.64,252.6,10,2576.4,2526.0,237731,26907111594.8,106187120,1
2024-11-22,TCSG,244.48,246.0,10,2444.8,2460.0,275872,30759388122.8,122819140,1
2024-11-25,TCSG,233.96,234.98,10,2339.6,2349.8,197053,18423632656.0,78035850,1
2024-11-26,TCSG,227.4,227.28,10,2274.0,2272.8,246040,24201716754.8,104537560,1
2024-11-27,TCSG,238.48,229.2,10,2384.8,2292.0,354649,37076501010.8,161692680,1
2024-11-28,T,236.7,238.0,10,2367.0,2380.0,226765,23428426684.4,98624910,1
2024-11-29,T,238.78,240.48,10,2387.8,2404.8,174566,18591390509.4,77746110,1
2024-12-02,T,239.22,239.9,10,2392.2,2399.0,171477,14937026672.0,62149530,1
2024-12-03,T,235.2,236.58,10,2352.0,2365.8,147966,14655955327.6,61966870,1
2024-12-04,T,228.86,233.0,10,2288.6,2330.0,202449,19466965200.0,83093680,1
2024-12-05,T,237.1,234.44,10,2371.0,2344.4,244240,22623542126.8,97360230,1
2024-12-06,T,235.0,237.08,10,2350.0,2370.8,183491,19800420078.8,83758210,1
2024-12-09,T,239.5,239.72,10,2395.0,2397.2,145719,15012071993.4,62923800,1
2024-12-10,T,234.52,234.9,10,2345.2,2349.0,161651,15573120671.0,65938280,1
2024-12-11,T,234.64,233.9,10,2346.4,2339.0,117118,12192565896.8,52092130,1
2024-12-12,T,230.54,232.44,10,2305.4,2324.4,112146,11496911970.6,49135320,1
2024-12-13,T,228.9,229.92,10,2289.0,2299.2,98057,9826702135.6,42756450,1
2024-12-16,T,218.2,222.1,10,2182.0,2221.0,179518,18389508970.2,82195870,1
2024-12-17,T,222.14,220.3,10,2221.4,2203.0,149225,14929723726.8,67634710,1
2024-12-18,T,226.02,222.9,10,2260.2,2229.0,135396,16729124418.4,74970030,1
2024-12-19,T,227.2,226.0,10,2272.0,2260.0,206715,22657561453.0,99579330,1
2024-12-20,T,254.3,254.82,10,2543.0,2548.2,331477,41703474309.8,167738290,1
2024-12-23,T,262.44,262.2,10,2624.4,2622.0,257280,32578025912.6,124421700,1
2024-12-24,T,256.96,257.58,10,2569.6,2575.8,178428,25233988696.0,97035470,1
2024-12-25,T,263.44,261.78,10,2634.4,2617.8,210054,28959363765.4,111117150,1
2024-12-26,T,262.58,264.5,10,2625.8,2645.0,140462,19155557491.6,72488830,1
2024-12-27,T,263.7,263.04,10,2637.0,2630.4,81514,11902731198.8,45182920,1
2024-12-28,T,266.28,265.7,10,2662.8,2657.0,71129,10772956712.0,40576130,1
2024-12-30,T,275.22,273.2,10,2752.2,2732.0,97354,14525287923.6,53339250,1
2025-01-03,T,268.76,268.94,10,2687.6,2689.4,96207,12596905547.2,46422980,1
2025-01-06,T,271.4,270.9,10,2714.0,2709.0,108391,14854270161.6,55210160,1
2025-01-08,T,275.06,275.16,10,2750.6,2751.6,83495,13450649051.2,49109290,1
2025-01-09,T,273.4,273.74,10,2734.0,2737.4,197832,30489107348.0,111024610,1
2025-01-10,T,290.0,287.48,10,2900.0,2874.8,307942,48046472579.0,169962990,1
2025-01-13,T,289.16,294.2,10,2891.6,2942.0,313036,49310997904.8,167444130,1
2025-01-14,T,293.8,292.42,10,2938.0,2924.2,212171,32657515056.6,111654690,1
2025-01-15,T,298.56,292.3,10,2985.6,2923.0,135173,21195414451.8,71820720,1
2025-01-16,T,298.08,298.78,10,2980.8,2987.8,105174,14527497013.2,48577810,1
2025-01-17,T,305.28,302.8,10,3052.8,3028.0,94581,15641355708.6,51974760,1
2025-01-20,T,296.98,300.24,10,2969.8,3002.4,131901,20770481956.0,68488880,1
2025-01-21,T,304.18,304.38,10,3041.8,3043.8,77104,11947011547.4,39695700,1
2025-01-22,T,300.58,305.8,10,3005.8,3058.0,81487,12639331349.6,41692780,1
2025-01-23,T,302.22,299.0,10,3022.2,2990.0,59034,8685280660.8,28924490,1
2025-01-24,T,300.96,301.78,10,3009.6,3017.8,52728,7719849129.4,25542460,1
2025-01-27,T,291.28,297.4,10,2912.8,2974.0,69246,8746115019.6,29394970,1
2025-01-28,T,300.46,300.0,10,3004.6,3000.0,97874,14145680836.6,47823380,1
2025-01-29,T,302.02,302.5,10,3020.2,3025.0,73906,11831625631.8,39145180,1
2025-01-30,T,305.7,305.9,10,3057.0,3059.0,65879,10806111945.4,35486430,1
2025-01-31,T,304.18,304.94,10,3041.8,3049.4,74481,11844114777.2,38585820,1
2025-02-03,T,303.62,300.46,10,3036.2,3004.6,72327,9251654490.6,30682000,1
2025-02-04,T,300.06,303.24,10,3000.6,3032.4,55616,7811175764.6,25775780,1
2025-02-05,T,307.98,303.96,10,3079.8,3039.6,97451,15297094429.6,50449810,1
2025-02-06,T,310.3,310.24,10,3103.0,3102.4,89310,13322992983.0,42908780,1
2025-02-07,T,310.5,310.54,10,3105.0,3105.4,41425,7095170999.4,22816900,1
2025-02-10,T,314.38,317.4,10,3143.8,3174.0,100950,16966649172.2,53733760,1
2025-02-11,T,317.6,317.88,10,3176.0,3178.8,54413,9586599722.6,30278560,1
2025-02-12,T,337.32,314.06,10,3373.2,3140.6,238510,37301636208.6,114404930,1
2025-02-13,T,332.8,333.4,10,3328.0,3334.0,191726,28486136291.2,84673240,1
2025-02-14,T,336.44,337.0,10,3364.4,3370.0,193940,30528970530.4,90090160,1
2025-02-17,T,349.2,349.7,10,3492.0,3497.0,157047,25386400907.2,72993950,1
2025-02-18,T,339.06,341.06,10,3390.6,3410.6,136572,22132289122.2,64301150,1
2025-02-19,T,345.5,343.38,10,3455.0,3433.8,69482,12043671998.4,35136050,1
2025-02-20,T,343.66,343.98,10,3436.6,3439.8,56570,8763293241.6,25353780,1
2025-02-21,T,342.5,342.38,10,3425.0,3423.8,53595,8131128012.2,23726170,1
2025-02-24,T,345.2,342.68,10,3452.0,3426.8,48467,6675044526.8,19470180,1
2025-02-25,T,343.46,343.68,10,3434.6,3436.8,53282,8949658045.2,25853820,1
2025-02-26,T,332.48,337.5,10,3324.8,3375.0,99020,13520381385.2,40099620,1
2025-02-27,T,324.16,334.04,10,3241.6,3340.4,95100,14058529918.8,42589250,1
2025-02-28,T,328.76,327.4,10,3287.6,3274.0,140229,21434528167.6,65907030,1
2025-03-03,T,321.52,321.06,10,3215.2,3210.6,114706,12121044836.8,37600120,1
2025-03-04,T,338.32,335.4,10,3383.2,3354.0,111647,15276353753.2,45859360,1
2025-03-05,T,332.76,342.54,10,3327.6,3425.4,93261,14663116689.2,43329860,1
2025-03-06,T,336.82,337.12,10,3368.2,3371.2,69852,9815538280.8,29143080,1
2025-03-07,T,341.48,335.5,10,3414.8,3355.0,147404,23672680860.0,69451050,1
2025-03-10,T,342.26,342.12,10,3422.6,3421.2,63066,9325469470.2,27181880,1
2025-03-11,T,341.98,343.8,10,3419.8,3438.0,63901,11194926621.0,32679590,1
2025-03-12,T,341.72,343.46,10,3417.2,3434.6,61182,8325507203.0,24391560,1
2025-03-13,T,337.42,334.9,10,3374.2,3349.0,120798,19226314224.8,56863900,1
2025-03-14,T,344.04,344.2,10,3440.4,3442.0,83157,10724369323.4,31451140,1
2025-03-17,T,353.38,353.16,10,3533.8,3531.6,83601,12010091145.2,34157520,1
2025-03-18,T,356.48,361.5,10,3564.8,3615.0,165016,25980365031.0,72282200,1
2025-03-19,T,364.0,362.5,10,3640.0,3625.0,80258,11893583462.2,33067520,1
2025-03-20,T,363.24,364.52,10,3632.4,3645.2,97664,14427991690.4,39635920,1
2025-03-21,T,360.5,361.22,10,3605.0,3612.2,55629,9723104805.6,26806120,1
2025-03-24,T,359.76,360.8,10,3597.6,3608.0,60314,9277314103.0,25748090,1
2025-03-25,T,361.98,359.36,10,3619.8,3593.6,64397,11684122484.6,32511540,1
2025-03-26,T,355.76,356.52,10,3557.6,3565.2,57146,7925517217.2,22056570,1
2025-03-27,T,339.88,343.2,10,3398.8,3432.0,116731,16070011758.8,46344420,1
2025-03-28,T,330.4,335.6,10,3304.0,3356.0,200730,20709823577.2,61456830,1
2025-03-31,T,336.54,337.48,10,3365.4,3374.8,119938,16962434757.8,51114330,1
2025-04-01,T,325.22,334.48,10,3252.2,3344.8,109475,15530688626.6,46351450,1
2025-04-02,T,330.22,326.68,10,3302.2,3266.8,99153,11684720307.6,35632490,1
2025-04-03,T,327.24,321.3,10,3272.4,3213.0,130842,14560628311.6,44652840,1
2025-04-04,T,304.0,308.52,10,3040.0,3085.2,202110,22955573713.4,72856670,1
2025-04-07,T,309.66,305.9,10,3096.6,3059.0,388435,37761091462.8,125058550,1
2025-04-08,T,299.96,309.4,10,2999.6,3094.0,166716,17422045656.6,56467230,1
2025-04-09,T,314.88,295.7,10,3148.8,2957.0,255340,27658541542.0,91786220,1
2025-04-10,T,310.12,311.06,10,3101.2,3110.6,123764,13715712944.4,44095460,1
2025-04-11,T,316.94,315.84,10,3169.4,3158.4,88439,11974385988.2,38026860,1
2025-04-14,T,310.4,312.88,10,3104.0,3128.8,97058,11263229991.0,35723860,1
2025-04-15,T,314.78,312.76,10,3147.8,3127.6,68105,7950577886.6,25466370,1
2025-04-16,T,317.2,319.9,10,3172.0,3199.0,78899,9267662811.2,29345120,1
2025-04-17,T,322.5,318.1,10,3225.0,3181.0,91011,11320369134.4,35437680,1
2025-04-18,T,314.58,316.4,10,3145.8,3164.0,80244,11423798559.0,36128330,1
2025-04-21,T,322.5,321.9,10,3225.0,3219.0,83622,10030879561.4,31298880,1
2025-04-22,T,327.62,324.8,10,3276.2,3248.0,93566,12404274125.6,38143740,1
2025-04-23,T,321.46,323.1,10,3214.6,3231.0,98031,13628024932.4,42349670,1
2025-04-24,T,321.2,322.16,10,3212.0,3221.6,44902,6284438533.6,19491640,1
2025-04-25,T,328.44,328.12,10,3284.4,3281.2,80593,11387587439.0,34882380,1
2025-04-28,T,327.98,331.12,10,3279.8,3311.2,116026,15176844598.8,45864300,1
2025-04-29,T,322.46,326.0,10,3224.6,3260.0,55600,7559797255.0,23186000,1
2025-04-30,T,316.98,318.18,10,3169.8,3181.8,75224,9031258833.8,28339630,1
2025-05-02,T,300.68,305.1,10,3006.8,3051.0,66626,8172064541.6,26452950,1
2025-05-05,T,294.62,294.26,10,2946.2,2942.6,116477,12208498631.0,40871900,1
2025-05-06,T,304.2,303.88,10,3042.0,3038.8,119187,13276650945.4,44170150,1
2025-05-07,T,303.8,305.56,10,3038.0,3055.6,84486,10273346784.6,33662270,1
2025-05-08,T,305.52,305.72,10,3055.2,3057.2,34051,4461397101.8,14547930,1
2025-05-12,T,315.84,314.86,10,3158.4,3148.6,107771,12279814286.2,39202620,1
2025-05-13,T,316.2,316.8,10,3162.0,3168.0,40981,5493142559.0,17371850,1
2025-05-14,T,308.48,318.0,10,3084.8,3180.0,41638,5968660983.2,18888350,1
2025-05-15,T,310.2,309.34,10,3102.0,3093.4,77326,9481880989.4,30578670,1
2025-05-16,T,307.28,308.0,10,3072.8,3080.0,77529,9792695926.6,31994820,1
2025-05-19,T,308.54,310.88,10,3085.4,3108.8,95237,11337549820.2,36463400,1
2025-05-20,T,305.9,306.12,10,3059.0,3061.2,60089,5119467740.2,16678040,1
2025-05-21,T,300.58,301.58,10,3005.8,3015.8,54820,5990597595.6,19721660,1
2025-05-22,T,306.0,308.04,10,3060.0,3080.4,130390,14517507318.6,47838550,1
2025-05-23,T,308.08,308.42,10,3080.8,3084.2,56168,6922216697.8,22436640,1
2025-05-26,T,302.32,303.5,10,3023.2,3035.0,68580,6059104212.6,19959400,1
2025-05-27,T,310.72,309.2,10,3107.2,3092.0,94907,10255931643.8,33453090,1
2025-05-28,T,322.5,318.2,10,3225.0,3182.0,139933,16351088888.4,51479270,1
2025-05-29,T,317.48,319.28,10,3174.8,3192.8,62773,9310209269.0,29101780,1
2025-05-30,T,319.18,318.84,10,3191.8,3188.4,44207,7244243647.2,22667310,1
2025-06-02,T,318.5,320.2,10,3185.0,3202.0,118468,14571566508.8,46101980,1
2025-06-03,T,326.6,324.78,10,3266.0,3247.8,77104,9234872116.4,28605400,1
2025-06-04,T,328.66,328.44,10,3286.6,3284.4,105066,15973708429.0,48424640,1
2025-06-05,T,329.9,330.5,10,3299.0,3305.0,38106,5541234234.6,16763680,1
2025-06-06,T,320.32,322.14,10,3203.2,3221.4,183167,28785665294.8,86728400,1
2025-06-09,T,320.38,318.5,10,3203.8,3185.0,75962,8820337527.4,27610100,1
2025-06-10,T,315.4,316.86,10,3154.0,3168.6,62780,7705073002.4,24271150,1
2025-06-11,T,316.5,318.7,10,3165.0,3187.0,41714,5701903002.0,17990690,1
2025-06-13,T,313.36,315.44,10,3133.6,3154.4,25955,3199778699.6,10124820,1
2025-06-16,T,315.2,315.26,10,3152.0,3152.6,52498,5826978935.4,18510300,1
2025-06-17,T,321.0,321.48,10,3210.0,3214.8,53156,6108211497.2,19144540,1
2025-06-18,T,319.44,320.1,10,3194.4,3201.0,44801,5010703662.4,15625840,1
2025-06-19,T,318.08,318.24,10,3180.8,3182.4,43514,4923254131.2,15406820,1
2025-06-20,T,315.8,317.88,10,3158.0,3178.8,34215,4282413779.4,13466780,1
2025-06-23,T,316.02,317.6,10,3160.2,3176.0,47318,5845552487.0,18539990,1
2025-06-24,T,319.36,317.5,10,3193.6,3175.0,43150,6050492850.8,19105250,1
2025-06-25,T,324.06,324.08,10,3240.6,3240.8,62218,7248237207.0,22488180,1
2025-06-26,T,323.56,324.4,10,3235.6,3244.0,38322,4873023669.2,15027220,1
2025-06-27,T,326.0,325.32,10,3260.0,3253.2,41226,4339965199.2,13379790,1
2025-06-30,T,326.8,326.86,10,3268.0,3268.6,65358,7692980783.2,23534490,1
2025-07-01,T,327.88,328.68,10,3278.8,3286.8,47836,6104326229.8,18589080,1
2025-07-02,T,326.82,326.02,10,3268.2,3260.2,42620,5290350102.4,16183170,1
2025-07-03,T,324.44,326.9,10,3244.4,3269.0,33155,4194288548.6,12844340,1
2025-07-04,T,321.74,321.78,10,3217.4,3217.8,38271,4446379001.8,13758860,1
2025-07-07,T,318.8,321.6,10,3188.0,3216.0,30708,3296594306.0,10262180,1
2025-07-08,T,315.7,320.44,10,3157.0,3204.4,42229,5434061033.6,17036440,1
2025-07-09,T,318.24,316.92,10,3182.4,3169.2,30722,5114430615.0,16123920,1
2025-07-10,T,319.98,321.2,10,3199.8,3212.0,23745,3708859769.6,11611250,1
2025-07-11,T,311.94,314.68,10,3119.4,3146.8,51527,5108563149.0,16138320,1
2025-07-14,T,324.3,320.5,10,3243.0,3205.0,86744,12328529944.4,38969760,1
2025-07-15,T,331.68,331.0,10,3316.8,3310.0,74979,8630440720.4,26245200,1
2025-07-16,T,335.1,334.5,10,3351.0,3345.0,64589,9505551996.8,28485660,1
2025-07-17,T,328.16,329.38,10,3281.6,3293.8,61720,6817551728.4,20595270,1
2025-07-18,T,334.1,334.04,10,3341.0,3340.4,70165,8236851062.6,24741020,1
2025-07-21,T,335.8,335.98,10,3358.0,3359.8,66516,7951359215.4,23641300,1
2025-07-22,T,334.68,333.7,10,3346.8,3337.0,38869,4608313841.6,13763480,1
2025-07-23,T,333.58,334.66,10,3335.8,3346.6,57573,7749475552.0,23161120,1
2025-07-24,T,330.62,329.9,10,3306.2,3299.0,41478,5249397095.4,15842080,1
2025-07-25,T,325.0,327.06,10,3250.0,3270.6,90550,9812892670.8,29829880,1
2025-07-28,T,317.0,318.72,10,3170.0,3187.2,93476,10101564761.6,31382730,1
2025-07-29,T,316.78,317.9,10,3167.8,3179.0,54981,6654197787.2,20943570,1
2025-07-30,T,314.22,315.14,10,3142.2,3151.4,53453,5899207526.0,18691930,1
2025-07-31,T,315.66,315.6,10,3156.6,3156.0,54829,6130546389.2,19443680,1
2025-08-01,T,314.44,315.2,10,3144.4,3152.0,62701,6268033264.8,19839170,1
2025-08-04,T,321.4,319.1,10,3214.0,3191.0,57992,6195268349.6,19508820,1
2025-08-05,T,321.94,321.58,10,3219.4,3215.8,59952,7710966348.8,23996640,1
2025-08-06,T,329.64,321.72,10,3296.4,3217.2,94514,12631360334.4,38878460,1
2025-08-07,T,333.0,330.7,10,3330.0,3307.0,131114,17856664496.6,53571930,1
2025-08-08,T,336.78,333.0,10,3367.8,3330.0,77230,8726587585.6,26234750,1
2025-08-11,T,332.94,332.9,10,3329.4,3329.0,86364,10024514820.0,29845950,1
2025-08-12,T,334.12,334.0,10,3341.2,3340.0,51671,5369285939.2,16104420,1
2025-08-13,T,331.5,334.4,10,3315.0,3344.0,57218,5231416535.0,15684460,1
2025-08-14,T,334.32,333.6,10,3343.2,3336.0,55658,6208619516.8,18688960,1
2025-08-15,T,337.4,338.28,10,3374.0,3382.8,85658,7814192789.2,23224750,1
2025-08-18,T,340.1,336.28,10,3401.0,3362.8,105715,12814191828.8,38186360,1
2025-08-19,T,340.64,338.04,10,3406.4,3380.4,98671,12873823858.0,37646970,1
2025-08-20,T,341.04,340.22,10,3410.4,3402.2,56644,5894778643.4,17297490,1
2025-08-21,T,338.22,337.82,10,3382.2,3378.2,75510,9948896450.0,29254960,1
2025-08-22,T,338.48,338.5,10,3384.8,3385.0,48055,5140663356.2,15170820,1
2025-08-25,T,335.6,336.1,10,3356.0,3361.0,65348,5161231081.4,15341700,1
2025-08-26,T,337.76,337.28,10,3377.6,3372.8,28020,3624537698.0,10744560,1
2025-08-27,T,339.8,339.1,10,3398.0,3391.0,32230,3958348805.8,11678390,1
2025-08-28,T,337.6,339.88,10,3376.0,3398.8,38144,5000370578.4,14768510,1
2025-08-29,T,333.48,334.16,10,3334.8,3341.6,53477,5480449582.6,16334350,1
2025-09-01,T,334.26,333.3,10,3342.6,3333.0,45920,4499639953.8,13448860,1
2025-09-02,T,331.0,330.5,10,3310.0,3305.0,56187,5686936468.6,17164260,1
2025-09-03,T,331.8,330.9,10,3318.0,3309.0,33029,4708723932.6,14228350,1
2025-09-04,T,332.76,332.78,10,3327.6,3327.8,36243,5214468213.0,15674050,1
2025-09-05,T,333.12,333.72,10,3331.2,3337.2,29520,3465094112.8,10386470,1
2025-09-08,T,336.9,335.9,10,3369.0,3359.0,46273,4852470169.4,14469720,1
2025-09-09,T,335.74,335.38,10,3357.4,3353.8,49618,6639103740.0,19741360,1
2025-09-10,T,332.74,333.42,10,3327.4,3334.2,34693,4730079579.6,14152530,1
2025-09-11,T,328.0,327.12,10,3280.0,3271.2,80027,8232112506.8,25009300,1
2025-09-12,T,318.5,318.8,10,3185.0,3188.0,102057,11305720048.0,35030650,1
2025-09-15,T,316.26,316.28,10,3162.6,3162.8,69348,6481005542.4,20444700,1
2025-09-16,T,315.5,315.14,10,3155.0,3151.4,56837,6357142696.2,20141570,1
2025-09-17,T,317.06,317.14,10,3170.6,3171.4,64840,5864435567.6,18572980,1
2025-09-18,T,313.58,315.5,10,3135.8,3155.0,67388,6842604004.2,21733980,1
2025-09-19,T,306.9,309.3,10,3069.0,3093.0,69144,7180450765.6,23024790,1
2025-09-22,T,310.88,310.24,10,3108.8,3102.4,61019,7665067862.2,24826290,1
2025-09-23,T,309.7,315.92,10,3097.0,3159.2,82145,10265898464.6,32805010,1
2025-09-24,T,314.78,313.18,10,3147.8,3131.8,75312,8584696684.2,27494440,1
2025-09-25,T,310.96,311.98,10,3109.6,3119.8,46720,4787738698.2,15291470,1
2025-09-26,T,311.4,312.88,10,3114.0,3128.8,41552,5079389217.4,16290690,1
2025-09-29,T,308.2,309.1,10,3082.0,3091.0,68029,6338363968.4,20339890,1
2025-09-30,T,307.8,308.46,10,3078.0,3084.6,58993,6541485142.2,21347750,1
2025-10-01,T,305.22,304.94,10,3052.2,3049.4,45368,5259763193.2,17161570,1
2025-10-02,T,301.08,301.9,10,3010.8,3019.0,74199,6669834987.2,22096070,1
2025-10-03,T,297.92,301.4,10,2979.2,3014.0,59944,6246071495.0,20694530,1
2025-10-06,T,302.12,302.64,10,3021.2,3026.4,78733,7590305080.0,25288550,1
2025-10-07,T,304.58,305.18,10,3045.8,3051.8,54147,5525927679.0,18185830,1
2025-10-08,T,291.2,290.6,10,2912.0,2906.0,118745,11200608783.4,37846520,1
2025-10-09,T,295.9,296.98,10,2959.0,2969.8,125417,15122722626.6,51863400,1
2025-10-10,T,289.98,290.8,10,2899.8,2908.0,60845,6444373268.2,22021720,1
2025-10-13,T,290.5,291.0,10,2905.0,2910.0,69315,6717653781.2,23087110,1
2025-10-14,T,291.52,291.4,10,2915.2,2914.0,51929,5969513374.0,20534120,1
2025-10-15,T,290.1,290.74,10,2901.0,2907.4,48394,5317395223.2,18279100,1
2025-10-16,T,313.1,297.74,10,3131.0,2977.4,105312,13106054905.6,43815530,1
2025-10-17,T,310.92,313.4,10,3109.2,3134.0,102345,10616895320.6,33988610,1
2025-10-20,T,314.4,314.6,10,3144.0,3146.0,82540,7462901604.6,23700810,1
2025-10-21,T,302.2,299.7,10,3022.0,2997.0,95232,12262593569.6,40232130,1
2025-10-22,T,296.0,298.58,10,2960.0,2985.8,90066,10770197615.2,36157770,1
2025-10-23,T,295.4,294.4,10,2954.0,2944.0,54995,6043194838.0,20629920,1
2025-10-24,T,290.5,292.1,10,2905.0,2921.0,69876,7535831972.8,25693290,1
2025-10-27,T,283.2,283.96,10,2832.0,2839.6,76200,7142385042.6,25027430,1
2025-10-28,T,291.7,290.7,10,2917.0,2907.0,75450,8755635674.8,30180410,1
2025-10-29,T,292.66,293.34,10,2926.6,2933.4,50843,5027484622.8,17159420,1
2025-10-30,T,297.88,298.0,10,2978.8,2980.0,67938,8370894295.6,28194290,1
2025-10-31,T,294.0,295.72,10,2940.0,2957.2,52294,5825497198.6,19670110,1
2025-11-01,T,294.36,295.04,10,2943.6,2950.4,22328,1963735818.4,6659950,1
2025-11-03,T,299.1,299.2,10,2991.0,2992.0,30081,3092994848.2,10350390,1
2025-11-05,T,296.98,297.54,10,2969.8,2975.4,66655,7428342626.2,24814170,1
2025-11-06,T,296.34,295.64,10,2963.4,2956.4,87431,4334206841.0,14638280,1
2025-11-07,T,296.84,297.4,10,2968.4,2974.0,45052,3922944199.6,13203600,1
2025-11-10,T,296.26,296.2,10,2962.6,2962.0,80876,6177847850.0,20713590,1
2025-11-11,T,297.9,297.14,10,2979.0,2971.4,41820,3725373217.6,12536180,1
2025-11-12,T,294.92,295.12,10,2949.2,2951.2,40975,3916534526.8,13231810,1
2025-11-13,T,295.16,295.2,10,2951.6,2952.0,31569,3310942854.6,11191940,1
2025-11-14,T,292.4,292.7,10,2924.0,2927.0,45309,4225421768.0,14386490,1
2025-11-17,T,290.7,291.84,10,2907.0,2918.4,50660,4146232140.0,14200110,1
2025-11-18,T,297.16,297.96,10,2971.6,2979.6,82069,9425197511.4,31865100,1
2025-11-19,T,305.6,306.62,10,3056.0,3066.2,137744,12154063580.8,39999780,1
2025-11-20,T,310.7,304.66,10,3107.0,3046.6,122344,11922030778.8,38752940,1
2025-11-21,T,309.48,309.88,10,3094.8,3098.8,88513,7316469452.0,23687460,1
2025-11-24,T,307.52,307.5,10,3075.2,3075.0,80099,5454217772.8,17629080,1
2025-11-25,T,309.98,309.88,10,3099.8,3098.8,72841,6030300698.2,19520860,1
2025-11-26,T,309.58,309.8,10,3095.8,3098.0,33790,2880797614.6,9293910,1
2025-11-27,T,304.94,305.46,10,3049.4,3054.6,71846,4901628622.8,15954520,1
2025-11-28,T,311.66,311.32,10,3116.6,3113.2,57821,5005182322.8,16224830,1
2025-12-01,T,312.64,313.8,10,3126.4,3138.0,54722,4663698937.0,14898480,1
2025-12-02,T,312.92,313.3,10,3129.2,3133.0,42032,4436522417.8,14132250,1
2025-12-03,T,310.46,311.0,10,3104.6,3110.0,44592,5157247281.6,16669290,1
2025-12-04,T,311.9,311.56,10,3119.0,3115.6,25414,3182814168.4,10199860,1
2025-12-05,T,319.0,318.72,10,3190.0,3187.2,74709,7062289920.4,22321040,1
2025-12-08,T,318.48,319.24,10,3184.8,3192.4,94860,7314866224.8,22786920,1
2025-12-09,T,323.04,320.92,10,3230.4,3209.2,52780,6286816301.0,19553050,1
2025-12-10,T,323.5,322.42,10,3235.0,3224.2,36631,3658376995.2,11312480,1
2025-12-11,T,326.86,325.72,10,3268.6,3257.2,82305,9001873148.6,27556600,1
2025-12-12,T,318.1,323.7,10,3181.0,3237.0,56466,6701063550.0,20715700,1
2025-12-15,T,323.92,323.86,10,3239.2,3238.6,67119,6866047214.0,21319370,1
2025-12-16,T,326.84,326.96,10,3268.4,3269.6,44599,5226598334.4,16000190,1
2025-12-17,T,324.56,324.36,10,3245.6,3243.6,61369,7118287536.2,21933620,1
2025-12-18,T,323.54,321.16,10,3235.4,3211.6,78299,5253643562.0,16213990,1
2025-12-19,T,319.14,318.12,10,3191.4,3181.2,122604,11373717726.8,35360310,1
2025-12-22,T,314.78,316.54,10,3147.8,3165.4,74663,5755465557.0,18140030,1
2025-12-23,T,317.64,317.84,10,3176.4,3178.4,45829,5061292451.0,16014390,1
2025-12-24,T,315.7,315.56,10,3157.0,3155.6,41394,4221679125.0,13347390,1
2025-12-25,T,316.7,316.48,10,3167.0,3164.8,35375,4044059216.2,12788070,1
2025-12-26,T,324.74,322.28,10,3247.4,3222.8,61195,7345464529.0,22863260,1
2025-12-29,T,327.46,327.5,10,3274.6,3275.0,115252,13431912730.4,40845760,1
2025-12-30,T,328.0,327.76,10,3280.0,3277.6,47894,4677121832.0,14285400,1
2026-01-05,T,326.7,327.56,10,3267.0,3275.6,33285,2820643824.2,8639530,1
2026-01-06,T,330.2,328.86,10,3302.0,3288.6,33271,3449714515.2,10482840,1
2026-01-08,T,323.62,324.1,10,3236.2,3241.0,26822,2802372891.8,8630940,1
2026-01-09,T,324.02,324.2,10,3240.2,3242.0,19573,2021393173.0,6231030,1
2026-01-12,T,323.88,324.14,10,3238.8,3241.4,40371,5001875595.8,15421910,1
2026-01-13,T,319.9,320.02,10,3199.0,3200.2,34771,4044317961.2,12574110,1
2026-01-14,T,320.44,320.9,10,3204.4,3209.0,42030,4364174306.4,13613520,1
2026-01-15,T,321.68,321.1,10,3216.8,3211.0,40558,4186248214.8,13046130,1
2026-01-16,T,326.4,326.26,10,3264.0,3262.6,51101,5374687010.0,16536990,1
2026-01-19,T,328.98,329.28,10,3289.8,3292.8,66294,5559139837.6,16930320,1
2026-01-20,T,329.4,329.2,10,3294.0,3292.0,41001,4670559237.2,14196650,1
2026-01-21,T,333.9,332.56,10,3339.0,3325.6,47321,6927243176.2,20904220,1
2026-01-22,T,332.76,333.02,10,3327.6,3330.2,49397,6132147593.2,18384430,1
2026-01-23,T,333.46,332.7,10,3334.6,3327.0,33115,4004590946.6,12026750,1
2026-01-26,T,331.36,331.5,10,3313.6,3315.0,50452,5220617850.2,15705700,1
2026-01-27,T,334.02,333.3,10,3340.2,3333.0,39676,3819878780.8,11484250,1
2026-01-28,T,333.0,333.66,10,3330.0,3336.6,38375,3605933589.4,10808340,1
2026-01-29,T,337.7,335.54,10,3377.0,3355.4,80364,9407341082.2,27949800,1
2026-01-30,T,333.18,333.6,10,3331.8,3336.0,42469,4664241636.4,13942180,1
2026-02-02,T,332.88,332.28,10,3328.8,3322.8,53847,4485966350.0,13478150,1
2026-02-03,T,335.56,335.58,10,3355.6,3355.8,61171,6126660640.8,18235110,1
2026-02-04,T,334.0,335.7,10,3340.0,3357.0,36845,4110795060.4,12238660,1
2026-02-05,T,331.06,331.6,10,3310.6,3316.0,58909,5776258469.4,17335970,1
2026-02-06,T,328.46,329.98,10,3284.6,3299.8,34482,3228155043.6,9769000,1
2026-02-09,T,329.68,329.6,10,3296.8,3296.0,64280,3895306062.6,11842470,1
2026-02-10,T,329.38,329.54,10,3293.8,3295.4,35138,3511473159.0,10645160,1
2026-02-11,T,333.44,332.96,10,3334.4,3329.6,47751,5041129133.0,15190200,1
2026-02-12,T,333.8,334.0,10,3338.0,3340.0,37491,3997270811.4,11966890,1
2026-02-13,T,337.7,337.32,10,3377.0,3373.2,68095,5497578683.0,16357510,1
2026-02-16,T,349.18,346.5,10,3491.8,3465.0,113307,10354049870.2,30050980,1
2026-02-17,T,348.76,348.0,10,3487.6,3480.0,91897,7416237569.2,21281610,1
2026-02-18,T,352.88,352.9,10,3528.8,3529.0,67752,8031172962.4,22913240,1
2026-02-19,T,351.28,351.02,10,3512.8,3510.2,43474,3763570856.4,10688510,1
2026-02-20,T,350.88,351.08,10,3508.8,3510.8,33676,3618319927.8,10315640,1
2026-02-24,T,350.54,350.6,10,3505.4,3506.0,59147,4695729252.4,13342110,1
2026-02-25,T,350.4,350.52,10,3504.0,3505.2,26036,2393552918.2,6821950,1
2026-02-26,T,348.0,348.38,10,3480.0,3483.8,35696,3728727307.4,10645760,1
2026-02-27,T,346.36,346.2,10,3463.6,3462.0,58586,4534163594.4,13109110,1
2026-03-02,T,342.48,342.46,10,3424.8,3424.6,83967,7154324102.4,20786030,1
2026-03-03,T,338.32,337.86,10,3383.2,3378.6,60838,5004299112.4,14745830,1
2026-03-04,T,337.8,337.7,10,3378.0,3377.0,41581,4575198843.6,13494140,1
2026-03-05,T,341.46,341.4,10,3414.6,3414.0,32912,4089252333.2,12022730,1
2026-03-06,T,337.68,338.34,10,3376.8,3383.4,40314,3775609718.4,11120770,1
2026-03-09,T,343.2,339.5,10,3432.0,3395.0,44072,4274384225.6,12616870,1
2026-03-10,T,338.9,339.8,10,3389.0,3398.0,63135,6491404483.4,19008960,1
2026-03-11,T,337.46,337.1,10,3374.6,3371.0,35312,3012233092.6,8908710,1
2026-03-12,T,337.52,337.54,10,3375.2,3375.4,47532,3346149924.2,9911740,1
2026-03-13,T,337.66,339.14,10,3376.6,3391.4,30369,3015986506.2,8884180,1
2026-03-16,T,338.2,338.42,10,3382.0,3384.2,45870,3134560510.6,9246240,1
2026-03-17,T,335.68,335.4,10,3356.8,3354.0,54473,3978689989.8,11822090,1
2026-03-18,T,334.3,334.26,10,3343.0,3342.6,54682,4062664971.0,12099600,1
2026-03-19,T,332.92,332.6,10,3329.2,3326.0,80872,6527972592.2,19566620,1
2026-03-20,T,333.78,333.5,10,3337.8,3335.0,41448,4954014654.6,14760800,1
2026-03-23,T,331.18,330.7,10,3311.8,3307.0,56269,5377234144.0,16213900,1
2026-03-24,T,333.68,332.82,10,3336.8,3328.2,34283,3133969660.8,9392880,1
2026-03-25,T,333.0,333.2,10,3330.0,3332.0,24676,1998472601.6,5996970,1
2026-03-26,T,330.4,331.7,10,3304.0,3317.0,30642,2825691944.0,8509260,1
2026-03-27,T,324.06,326.0,10,3240.6,3260.0,47094,3942878353.8,12033210,1
2026-03-30,T,322.1,322.54,10,3221.0,3225.4,54374,4438407278.4,13758100,1
2026-03-31,T,322.96,322.46,10,3229.6,3224.6,50964,4596946491.4,14158790,1
2026-04-01,T,324.98,323.68,10,3249.8,3236.8,35924,2790106480.0,8603390,1
2026-04-02,T,324.1,324.74,10,3241.0,3247.4,35262,2995711136.0,9248400,1
2026-04-03,T,321.16,321.26,10,3211.6,3212.6,54199,2903714564.2,8992680,1
2026-04-06,T,321.72,321.22,10,3217.2,3212.2,61938,3497262218.8,10893600,1
2026-04-07,T,318.68,320.0,10,3186.8,3200.0,67048,4622142881.4,14419140,1
2026-04-08,T,319.76,320.04,10,3197.6,3200.4,35396,2614926263.6,8161870,1
2026-04-09,T,318.5,318.18,10,3185.0,3181.8,43162,2406734204.2,7543750,1
2026-04-10,T,319.6,318.0,10,3196.0,3180.0,54408,2961296521.2,9283450,1
2026-04-17,T,326.26,325.7,1,326.26,325.7,223986,6160166576.9,18882825,1
2026-04-20,T,325.7,325.58,1,325.7,325.58,120112,3231238968.8,9920928,1
2026-04-21,T,323.3,324.2,1,323.3,324.2,48199,1831256505.9,5643058,1
2026-04-22,T,327.02,326.64,1,327.02,326.64,75202,2617274440.08,8059183,1
2026-04-23,T,327.3,327.5,1,327.3,327.5,52488,1918117512.54,5863876,1
2026-04-24,T,320.16,320.7,1,320.16,320.7,81973,4008418224.0,12419468,1
2026-04-27,T,317.64,318.86,1,317.64,318.86,65459,1916777995.6,6003201,1
2026-04-28,T,310.72,311.74,1,310.72,311.74,121774,4114840850.96,13101428,1
2026-04-29,T,306.5,305.32,1,306.5,305.32,138056,7098340186.16,23070500,1
2026-04-30,T,305.36,305.3,1,305.36,305.3,73481,2609274917.1,8519704,1
2026-05-04,T,304.6,303.38,1,304.6,303.38,92760,3727898253.66,12232982,1
2026-05-05,T,309.8,310.14,1,309.8,310.14,61500,3490327423.52,11363168,1
2026-05-06,T,309.22,309.84,1,309.22,309.84,50068,3325725769.66,10772626,1
2026-05-07,T,308.22,308.32,1,308.22,308.32,34273,1777864886.8,5746575,1
2026-05-08,T,308.5,305.04,1,308.5,305.04,55573,2515631598.6,8190125,1
2026-05-11,T,311.14,310.76,1,311.14,310.76,64959,1836803351.46,5911423,1
2026-05-12,T,316.92,315.44,1,316.92,315.44,66669,3882957212.62,12368838,1
2026-05-13,T,318.52,316.46,1,318.52,316.46,47965,2502152228.22,7906610,1
2026-05-14,T,313.94,314.18,1,313.94,314.18,52372,2408948772.54,7624840,1
2026-05-15,T,309.22,309.98,1,309.22,309.98,53280,2916802906.7,9352900,1
2026-05-18,T,311.82,310.4,1,311.82,310.4,86778,3294996164.78,10678412,1
2026-05-19,T,314.76,314.9,1,314.76,314.9,78122,3201588368.0,10173850,1
2026-05-20,T,312.46,313.3,1,312.46,313.3,61335,2799451555.24,8937686,1
2026-05-21,T,312.22,313.12,1,312.22,313.12,66799,3263742130.94,10471634,1
2026-05-22,T,309.78,309.94,1,309.78,309.94,106851,4163457353.4,13347794,1
2026-05-25,T,303.22,304.0,1,303.22,304.0,131287,4131970781.98,13521079,1
2026-05-26,T,302.16,302.6,1,302.16,302.6,64800,3067888428.5,10136407,1
2026-05-27,T,303.24,303.42,1,303.24,303.42,78353,2828730985.84,9341775,1
2026-05-28,T,302.14,303.2,1,302.14,303.2,65446,3237002419.28,10660104,1
2026-05-29,T,301.14,301.42,1,301.14,301.42,39991,2331521488.32,7726810,1
2026-06-01,T,303.74,302.26,1,303.74,302.26,65765,3158944852.54,10436822,1
2026-06-02,T,308.0,307.38,1,308.0,307.38,78436,3561059816.66,11645117,1
2026-06-03,T,302.5,303.88,1,302.5,303.88,57635,3110573681.7,10186338,1
2026-06-04,T,300.4,301.28,1,300.4,301.28,94076,3201634125.36,10608478,1
2026-06-05,T,297.0,297.8,1,297.0,297.8,81176,2551951095.9,8536257,1
2026-06-08,T,291.2,290.56,1,291.2,290.56,112655,5102493250.76,17403306,1
2026-06-09,T,297.52,298.44,1,297.52,298.44,107867,8420341986.44,28809425,1
2026-06-10,T,296.76,298.2,1,296.76,298.2,75150,4435016247.9,14945483,1
2026-06-11,T,295.78,296.5,1,295.78,296.5,38739,2389140696.64,8023033,1
2026-06-15,T,304.0,302.7,1,304.0,302.7,83466,4790310797.2,15903842,1
2026-06-16,T,298.0,297.66,1,298.0,297.66,68148,3806991240.26,12690509,1
2026-06-17,T,295.78,295.58,1,295.78,295.58,59033,2617097508.62,8814932,1
2026-06-18,T,290.78,292.22,1,290.78,292.22,101323,5228304624.5,17904347,1
2026-06-19,T,280.5,284.5,1,280.5,284.5,121203,8127668847.68,28439727,1
2026-06-22,T,269.94,276.2,1,269.94,276.2,184396,12640006403.88,45807281,1
2026-06-23,T,276.14,276.84,1,276.14,276.84,143859,9111098373.32,33324246,1
2026-06-24,T,268.32,266.22,1,268.32,266.22,112087,7132689342.18,26269835,1
2026-06-25,T,265.44,270.36,1,265.44,270.36,141516,7891833508.06,29463496,1
2026-06-26,T,265.58,265.22,1,265.58,265.22,138669,9000586189.26,33783973,1
2026-06-29,T,271.1,270.4,1,271.1,270.4,132372,6856818596.24,25626273,1
2026-06-30,T,272.34,271.0,1,272.34,271.0,85976,4946427612.36,18111216,1
2026-07-01,T,271.34,271.0,1,271.34,271.0,72974,3833320821.44,14047408,1
2026-07-02,T,257.78,260.18,1,257.78,260.18,128831,6936782463.02,26401059,1
2026-07-03,T,252.64,253.48,1,252.64,253.48,145149,7518112627.44,29574026,1
2026-07-06,T,248.74,248.52,1,248.74,248.52,180457,8587676276.76,34410094,1
2026-07-07,T,258.26,254.68,1,258.26,254.68,172050,9311045127.88,36941131,1
2026-07-08,T,257.54,259.0,1,257.54,259.0,111137,5232961799.5,20398345,1
2026-07-09,T,254.0,256.24,1,254.0,256.24,66823,3748847517.78,14682934,1
2026-07-10,T,248.48,250.14,1,248.48,250.14,60213,3614062505.88,14366590,1
2026-07-13,T,249.8,249.76,1,249.8,249.76,86775,4797014204.12,19112947,1
2026-07-14,T,249.3,249.6,1,249.3,249.6,44521,2068778667.3,8260669,1
2026-07-15,T,243.26,244.7,1,243.26,244.7,77540,3960791493.46,16157720,1
2026-07-16,T,227.9,237.04,1,227.9,237.04,127979,7536460208.92,31653751,1
2026-07-17,T,223.5,228.34,1,223.5,228.34,144659,7893483120.46,34411316,1
2026-07-20,T,239.5,237.0,1,239.5,237.0,232051,12241980016.42,52792274,1
2026-07-21,T,248.94,248.78,1,248.94,248.78,144818,8639787795.02,35459025,1
2026-07-22,T,254.48,255.48,1,254.48,255.48,109206,6138477001.1,24399346,1
2026-07-23,T,248.88,250.8,1,248.88,250.8,100626,4963673133.94,19743251,1
2026-07-24,T,261.0,258.3,1,261.0,258.3,201987,10462664927.34,41441743,1
2026-07-27,T,264.02,264.74,1,264.02,264.74,150497,8809838778.5,33442721,1
2026-07-28,T,263.88,263.0,1,263.88,263.0,94973,4849078282.94,18442911,1
2026-07-29,T,267.4,267.98,1,267.4,267.98,74616,4183293589.74,15689472,1
2026-07-30,T,264.82,265.2,1,264.82,265.2,102879,5654683682.36,21108526,1
2026-07-31,T,266.82,265.46,1,266.82,265.46,60552,3319493833.36,12497897,1
2026-08-03,T,272.32,272.0,1,272.32,272.0,76676,4040496107.78,14888612,1
2026-08-04,T,272.58,272.84,1,272.58,272.84,126072,5544504149.28,20358970,1
2026-08-05,T,279.3,277.2,1,279.3,277.2,79337,4187187174.12,15192912,1
2026-08-06,T,280.58,279.1,1,280.58,279.1,104685,5415692261.22,19344448,1
2026-08-07,T,281.08,280.58,1,281.08,280.58,72174,4192115110.26,14967744,1
2026-08-10,T,278.88,277.5,1,278.88,277.5,95268,4835873657.14,17386157,1
2026-08-11,T,283.32,283.04,1,283.32,283.04,83787,4870157234.66,17274211,1
2026-08-12,T,277.84,280.9,1,277.84,280.9,74885,4374754622.82,15515083,1
2026-08-13,T,264.8,268.0,1,264.8,268.0,130628,7053150132.52,25880716,1
2026-08-14,T,255.16,255.3,1,255.16,255.3,169980,12144932670.46,46787089,1
2026-08-17,T,252.76,250.82,1,252.76,250.82,138466,8971052586.52,35666378,1
2026-08-18,T,261.1,259.5,1,261.1,259.5,111772,7585771005.72,29430402,1
2026-08-19,T,260.14,261.34,1,260.14,261.34,63558,4327448156.7,16647512,1
2026-08-20,T,254.28,253.6,1,254.28,253.6,99497,6689463212.2,26015608,1
2026-08-21,T,257.24,255.4,1,257.24,255.4,56671,3408131442.2,13397791,1
2026-08-24,T,248.48,247.66,1,248.48,247.66,123809,6985341857.94,27970648,1
2026-08-25,T,254.16,254.5,1,254.16,254.5,97453,6426893038.3,25385787,1
2026-08-26,T,248.64,249.34,1,248.64,249.34,84484,4683119794.36,18685638,1
2026-08-27,T,252.2,251.92,1,252.2,251.92,83761,4695280026.1,18720409,1
2026-08-28,T,249.1,249.44,1,249.1,249.44,61395,3924725169.94,15627348,1
2026-08-31,T,255.18,255.18,1,255.18,255.18,90561,5073006228.74,20106885,1
2026-09-01,T,253.14,256.08,1,253.14,256.08,92880,4881601714.14,19107915,1
2026-09-02,T,254.62,254.4,1,254.62,254.4,48773,2808337257.06,11052966,1
2026-09-03,T,262.0,258.22,1,262.0,258.22,80635,5226252636.34,20247912,1
2026-09-04,T,264.5,263.9,1,264.5,263.9,66781,4574069148.18,17367690,1
2026-09-07,T,263.94,263.84,1,263.94,263.84,84200,4824656270.86,18348374,1
2026-09-08,T,262.1,262.0,1,262.1,262.0,71322,4443328667.56,16870160,1
2026-09-09,T,259.96,259.78,1,259.96,259.78,56072,3977677463.3,15282216,1
2026-09-10,T,262.5,263.4,1,262.5,263.4,57473,3371450091.24,12889282,1
2026-09-11,T,261.4,261.12,1,261.4,261.12,75287,4828279441.54,18513274,1
2026-09-14,T,265.58,266.52,1,265.58,266.52,106538,6129807660.36,23170540,1
2026-09-15,T,262.86,263.76,1,262.86,263.76,64219,3439497901.14,12994118,1
2026-09-16,T,255.78,256.58,1,255.78,256.58,93627,4817413733.72,18560003,1
2026-09-17,T,252.1,252.0,1,252.1,252.0,100096,5453074945.8,21516460,1
2026-09-18,T,253.4,254.8,1,253.4,254.8,46292,2494591600.58,9829280,1
2026-09-21,T,255.62,255.4,1,255.62,255.4,61547,3063938844.7,12052601,1
2026-09-22,T,258.18,258.8,1,258.18,258.8,59243,3222916075.54,12497340,1
2026-09-23,T,260.34,258.54,1,260.34,258.54,74414,4659034755.5,18111016,1
2026-09-24,T,257.74,258.12,1,257.74,258.12,77491,3368052522.96,13020945,1
2026-09-25,T,250.58,251.56,1,250.58,251.56,94079,5314807579.3,20999306,1
2026-09-28,T,249.18,249.68,1,249.18,249.68,101679,4402704950.4,17622752,1
2026-09-29,T,251.6,251.3,1,251.6,251.3,58713,3431889057.42,13689589,1
2026-09-30,T,251.24,251.28,1,251.24,251.28,35165,2085438777.24,8305356,1
2026-10-01,T,260.2,260.7,1,260.2,260.7,162996,10773763248.46,41522186,1
2026-10-02,T,260.5,260.52,1,260.5,260.52,55754,3350483626.78,12908025,1
2026-10-05,T,268.38,266.8,1,268.38,266.8,137234,7459878923.64,28120735,1
2026-10-06,T,271.2,271.2,1,271.2,271.2,87693,5710532709.24,21080270,1
