metric,period,value,unit,basis,doc,page,sha256,note
assoc_share,3M2024,0,RUB bn,IFRS,primary/t-databook-key-financial-ratios_pub2026-09-09.xlsx,PL!AQ27,11386cbbb9ffb0bc472e24cbae1464ad283acf267143e104d05767bd0bc284c8,Databook: накопленные данные; редакция DB
assoc_share,3M2025,1.9,RUB bn,IFRS,primary/2026Q1_ifrs_fs.pdf,4,6ac85944afbf4e9f2462fc4c17756069904a06f80675cbbef47ded5c5d30d18d,отчёт о прибылях и убытках; новый формат; редакция 3M2026; редакция 3M2026
assoc_share,3M2026,1.3,RUB bn,IFRS,primary/2026Q1_ifrs_fs.pdf,4,6ac85944afbf4e9f2462fc4c17756069904a06f80675cbbef47ded5c5d30d18d,отчёт о прибылях и убытках; новый формат; редакция 3M2026; редакция 3M2026
assoc_share,6M2024,0,RUB bn,IFRS,primary/t-databook-key-financial-ratios_pub2026-09-09.xlsx,PL!AR27,11386cbbb9ffb0bc472e24cbae1464ad283acf267143e104d05767bd0bc284c8,Databook: накопленные данные; редакция DB
assoc_share,6M2025,5.2,RUB bn,IFRS,primary/2026Q2_ifrs_fs.pdf,4,fd08eacf4ed7e57c4c2f7bec258218fb030ebfe92415561a839d9d6247f4f5e7,отчёт о прибылях и убытках; новый формат; редакция 6M2026
assoc_share,6M2026,3.4,RUB bn,IFRS,primary/2026Q2_ifrs_fs.pdf,4,fd08eacf4ed7e57c4c2f7bec258218fb030ebfe92415561a839d9d6247f4f5e7,отчёт о прибылях и убытках; новый формат; редакция 6M2026
assoc_share,9M2024,0,RUB bn,IFRS,primary/t-databook-key-financial-ratios_pub2026-09-09.xlsx,PL!AS27,11386cbbb9ffb0bc472e24cbae1464ad283acf267143e104d05767bd0bc284c8,Databook: накопленные данные; редакция DB
assoc_share,9M2025,8.2,RUB bn,IFRS,primary/t-databook-key-financial-ratios_pub2026-09-09.xlsx,PL!AW27,11386cbbb9ffb0bc472e24cbae1464ad283acf267143e104d05767bd0bc284c8,Databook: накопленные данные; редакция DB
assoc_share,FY2024,0,RUB bn,IFRS,primary/t-databook-key-financial-ratios_pub2026-09-09.xlsx,PL!AT27,11386cbbb9ffb0bc472e24cbae1464ad283acf267143e104d05767bd0bc284c8,Databook: накопленные данные; редакция DB
assoc_share,FY2025,9.6,RUB bn,IFRS,primary/t-databook-key-financial-ratios_pub2026-09-09.xlsx,PL!AX27,11386cbbb9ffb0bc472e24cbae1464ad283acf267143e104d05767bd0bc284c8,Databook: накопленные данные; редакция DB
cash,2018-12-31,33.802,RUB bn,IFRS (старый формат),primary/t-databook-key-financial-ratios_pub2026-09-09.xlsx,BS!V5,11386cbbb9ffb0bc472e24cbae1464ad283acf267143e104d05767bd0bc284c8,"Databook, лист BS (годы до новой методологии); редакция DB"
cash,2019-12-31,55.564,RUB bn,IFRS (старый формат),primary/t-databook-key-financial-ratios_pub2026-09-09.xlsx,BS!Z5,11386cbbb9ffb0bc472e24cbae1464ad283acf267143e104d05767bd0bc284c8,"Databook, лист BS (годы до новой методологии); редакция DB"
cash,2020-12-31,136.351,RUB bn,IFRS (старый формат),primary/t-databook-key-financial-ratios_pub2026-09-09.xlsx,BS!AD5,11386cbbb9ffb0bc472e24cbae1464ad283acf267143e104d05767bd0bc284c8,"Databook, лист BS (годы до новой методологии); редакция DB"
cash,2021-12-31,316.476,RUB bn,IFRS (старый формат),primary/t-databook-key-financial-ratios_pub2026-09-09.xlsx,BS!AH5,11386cbbb9ffb0bc472e24cbae1464ad283acf267143e104d05767bd0bc284c8,"Databook, лист BS (годы до новой методологии); редакция DB"
cash,2022-12-31,511.561,RUB bn,IFRS (старый формат),primary/t-databook-key-financial-ratios_pub2026-09-09.xlsx,BS!AL5,11386cbbb9ffb0bc472e24cbae1464ad283acf267143e104d05767bd0bc284c8,"Databook, лист BS (годы до новой методологии); редакция DB"
cash,2023-12-31,724.154,RUB bn,IFRS,primary/t-databook-key-financial-ratios_pub2026-09-09.xlsx,BS!AP5,11386cbbb9ffb0bc472e24cbae1464ad283acf267143e104d05767bd0bc284c8,"Databook, лист BS (до новой методологии); редакция DB"
cash,2024-03-31,672.9,RUB bn,IFRS,primary/t-databook-key-financial-ratios_pub2026-09-09.xlsx,BS!AQ5,11386cbbb9ffb0bc472e24cbae1464ad283acf267143e104d05767bd0bc284c8,"Databook, лист BS; редакция DB"
cash,2024-06-30,924.3,RUB bn,IFRS,primary/t-databook-key-financial-ratios_pub2026-09-09.xlsx,BS!AR5,11386cbbb9ffb0bc472e24cbae1464ad283acf267143e104d05767bd0bc284c8,"Databook, лист BS; редакция DB"
cash,2024-09-30,1267.4,RUB bn,IFRS,primary/t-databook-key-financial-ratios_pub2026-09-09.xlsx,BS!AS5,11386cbbb9ffb0bc472e24cbae1464ad283acf267143e104d05767bd0bc284c8,"Databook, лист BS; редакция DB"
cash,2024-12-31,1426.625,RUB bn,IFRS,primary/FY2025_ifrs_fs.pdf,8,b7f5081af385b43d2ec9ab5d37ea9769464a680fe04a6e814bcb9cf59951009d,отчёт о финансовом положении (до реклассификаций 2026 г.); подтверждено редакцией DB: 1426.6 (округление)
cash,2025-03-31,1000.7,RUB bn,IFRS,primary/t-databook-key-financial-ratios_pub2026-09-09.xlsx,BS!AU5,11386cbbb9ffb0bc472e24cbae1464ad283acf267143e104d05767bd0bc284c8,"Databook, лист BS; редакция DB"
cash,2025-06-30,975.387,RUB bn,IFRS,primary/2025Q2_ifrs_fs.pdf,4,3ee9d08203db787516f65bc287cba237dfd600fa270ebbbc092e9765361d0f13,отчёт о финансовом положении (до реклассификаций 2026 г.); подтверждено редакцией DB: 975.4 (округление)
cash,2025-09-30,1190.246,RUB bn,IFRS,primary/2025Q3_ifrs_fs.pdf,4,28fe9a46ebe9f101c572624f0a264e1d5c0a659d441b9abac47fa10643d1a4eb,отчёт о финансовом положении (до реклассификаций 2026 г.); подтверждено редакцией DB: 1190.2 (округление)
cash,2025-12-31,1235.252,RUB bn,IFRS,primary/FY2025_ifrs_fs.pdf,8,b7f5081af385b43d2ec9ab5d37ea9769464a680fe04a6e814bcb9cf59951009d,отчёт о финансовом положении (до реклассификаций 2026 г.); подтверждено редакцией 6M2026: 1235.3 (округление)
cash,2026-03-31,803.2,RUB bn,IFRS,primary/2026Q1_ifrs_fs.pdf,6,6ac85944afbf4e9f2462fc4c17756069904a06f80675cbbef47ded5c5d30d18d,отчёт о финансовом положении; редакция 3M2026
cash,2026-06-30,921.6,RUB bn,IFRS,primary/2026Q2_ifrs_fs.pdf,6,fd08eacf4ed7e57c4c2f7bec258218fb030ebfe92415561a839d9d6247f4f5e7,отчёт о финансовом положении; редакция 6M2026
cash_cbr_accounts,2025-12-31,158.8,RUB bn,IFRS,primary/2026Q2_ifrs_fs.pdf,35,fd08eacf4ed7e57c4c2f7bec258218fb030ebfe92415561a839d9d6247f4f5e7,прим. 14; редакция 6M2026
cash_cbr_accounts,2026-03-31,127.3,RUB bn,IFRS,primary/2026Q1_ifrs_fs.pdf,29,6ac85944afbf4e9f2462fc4c17756069904a06f80675cbbef47ded5c5d30d18d,прим. 13; редакция 3M2026
cash_cbr_accounts,2026-06-30,112.5,RUB bn,IFRS,primary/2026Q2_ifrs_fs.pdf,35,fd08eacf4ed7e57c4c2f7bec258218fb030ebfe92415561a839d9d6247f4f5e7,прим. 14; редакция 6M2026
cash_on_hand,2025-12-31,68.3,RUB bn,IFRS,primary/2026Q2_ifrs_fs.pdf,35,fd08eacf4ed7e57c4c2f7bec258218fb030ebfe92415561a839d9d6247f4f5e7,прим. 14; редакция 6M2026
cash_on_hand,2026-03-31,56,RUB bn,IFRS,primary/2026Q1_ifrs_fs.pdf,29,6ac85944afbf4e9f2462fc4c17756069904a06f80675cbbef47ded5c5d30d18d,прим. 13; редакция 3M2026
cash_on_hand,2026-06-30,55.9,RUB bn,IFRS,primary/2026Q2_ifrs_fs.pdf,35,fd08eacf4ed7e57c4c2f7bec258218fb030ebfe92415561a839d9d6247f4f5e7,прим. 14; редакция 6M2026
dep_customers_total,2018-12-31,280.916,RUB bn,IFRS (старый формат),primary/t-databook-key-financial-ratios_pub2026-09-09.xlsx,BS!V24,11386cbbb9ffb0bc472e24cbae1464ad283acf267143e104d05767bd0bc284c8,"Databook, лист BS (годы до новой методологии); редакция DB"
dep_customers_total,2019-12-31,411.614,RUB bn,IFRS (старый формат),primary/t-databook-key-financial-ratios_pub2026-09-09.xlsx,BS!Z24,11386cbbb9ffb0bc472e24cbae1464ad283acf267143e104d05767bd0bc284c8,"Databook, лист BS (годы до новой методологии); редакция DB"
dep_customers_total,2020-12-31,626.837,RUB bn,IFRS (старый формат),primary/t-databook-key-financial-ratios_pub2026-09-09.xlsx,BS!AD24,11386cbbb9ffb0bc472e24cbae1464ad283acf267143e104d05767bd0bc284c8,"Databook, лист BS (годы до новой методологии); редакция DB"
dep_customers_total,2021-12-31,945.723,RUB bn,IFRS (старый формат),primary/t-databook-key-financial-ratios_pub2026-09-09.xlsx,BS!AH24,11386cbbb9ffb0bc472e24cbae1464ad283acf267143e104d05767bd0bc284c8,"Databook, лист BS (годы до новой методологии); редакция DB"
dep_customers_total,2022-12-31,1191.986,RUB bn,IFRS (старый формат),primary/t-databook-key-financial-ratios_pub2026-09-09.xlsx,BS!AL24,11386cbbb9ffb0bc472e24cbae1464ad283acf267143e104d05767bd0bc284c8,"Databook, лист BS (годы до новой методологии); редакция DB"
dep_customers_total,2023-12-31,1713.272,RUB bn,IFRS,primary/t-databook-key-financial-ratios_pub2026-09-09.xlsx,BS!AP24,11386cbbb9ffb0bc472e24cbae1464ad283acf267143e104d05767bd0bc284c8,"Databook, лист BS (до новой методологии); редакция DB"
dep_customers_total,2024-03-31,1859.2,RUB bn,IFRS,primary/t-databook-key-financial-ratios_pub2026-09-09.xlsx,BS!AQ24,11386cbbb9ffb0bc472e24cbae1464ad283acf267143e104d05767bd0bc284c8,"Databook, лист BS; редакция DB"
dep_customers_total,2024-06-30,2291.2,RUB bn,IFRS,primary/t-databook-key-financial-ratios_pub2026-09-09.xlsx,BS!AR24,11386cbbb9ffb0bc472e24cbae1464ad283acf267143e104d05767bd0bc284c8,"Databook, лист BS; редакция DB"
dep_customers_total,2024-09-30,3903.7,RUB bn,IFRS,primary/t-databook-key-financial-ratios_pub2026-09-09.xlsx,BS!AS24,11386cbbb9ffb0bc472e24cbae1464ad283acf267143e104d05767bd0bc284c8,"Databook, лист BS; редакция DB"
dep_customers_total,2024-12-31,4009,RUB bn,IFRS,primary/t-databook-key-financial-ratios_pub2026-09-09.xlsx,BS!AT24,11386cbbb9ffb0bc472e24cbae1464ad283acf267143e104d05767bd0bc284c8,"Databook, лист BS; редакция DB; ранее: 4009.972 (FY2025); ранее: 4009.972 (9M2025); ранее: 4009.972 (6M2025)"
dep_customers_total,2025-03-31,3682.7,RUB bn,IFRS,primary/t-databook-key-financial-ratios_pub2026-09-09.xlsx,BS!AU24,11386cbbb9ffb0bc472e24cbae1464ad283acf267143e104d05767bd0bc284c8,"Databook, лист BS; редакция DB"
dep_customers_total,2025-06-30,3934.9,RUB bn,IFRS,primary/t-databook-key-financial-ratios_pub2026-09-09.xlsx,BS!AV24,11386cbbb9ffb0bc472e24cbae1464ad283acf267143e104d05767bd0bc284c8,"Databook, лист BS; редакция DB; ранее: 4000.136 (6M2025)"
dep_customers_total,2025-09-30,4184.3,RUB bn,IFRS,primary/t-databook-key-financial-ratios_pub2026-09-09.xlsx,BS!AW24,11386cbbb9ffb0bc472e24cbae1464ad283acf267143e104d05767bd0bc284c8,"Databook, лист BS; редакция DB; ранее: 4244.309 (9M2025)"
dep_customers_total,2025-12-31,4348.6,RUB bn,IFRS,primary/2026Q2_ifrs_fs.pdf,6,fd08eacf4ed7e57c4c2f7bec258218fb030ebfe92415561a839d9d6247f4f5e7,отчёт о финансовом положении; редакция 6M2026; ранее: 4411.771 (FY2025)
dep_customers_total,2026-03-31,4176.1,RUB bn,IFRS,primary/2026Q1_ifrs_fs.pdf,6,6ac85944afbf4e9f2462fc4c17756069904a06f80675cbbef47ded5c5d30d18d,отчёт о финансовом положении; редакция 3M2026
dep_customers_total,2026-06-30,4369.1,RUB bn,IFRS,primary/2026Q2_ifrs_fs.pdf,6,fd08eacf4ed7e57c4c2f7bec258218fb030ebfe92415561a839d9d6247f4f5e7,отчёт о финансовом положении; редакция 6M2026
due_from_banks,2018-12-31,0.776,RUB bn,IFRS (старый формат),primary/t-databook-key-financial-ratios_pub2026-09-09.xlsx,BS!V7,11386cbbb9ffb0bc472e24cbae1464ad283acf267143e104d05767bd0bc284c8,"Databook, лист BS (годы до новой методологии); редакция DB"
due_from_banks,2019-12-31,2.084,RUB bn,IFRS (старый формат),primary/t-databook-key-financial-ratios_pub2026-09-09.xlsx,BS!Z7,11386cbbb9ffb0bc472e24cbae1464ad283acf267143e104d05767bd0bc284c8,"Databook, лист BS (годы до новой методологии); редакция DB"
due_from_banks,2020-12-31,1.887,RUB bn,IFRS (старый формат),primary/t-databook-key-financial-ratios_pub2026-09-09.xlsx,BS!AD7,11386cbbb9ffb0bc472e24cbae1464ad283acf267143e104d05767bd0bc284c8,"Databook, лист BS (годы до новой методологии); редакция DB"
due_from_banks,2021-12-31,0.542,RUB bn,IFRS (старый формат),primary/t-databook-key-financial-ratios_pub2026-09-09.xlsx,BS!AH7,11386cbbb9ffb0bc472e24cbae1464ad283acf267143e104d05767bd0bc284c8,"Databook, лист BS (годы до новой методологии); редакция DB"
due_from_banks,2022-12-31,0.45,RUB bn,IFRS (старый формат),primary/t-databook-key-financial-ratios_pub2026-09-09.xlsx,BS!AL7,11386cbbb9ffb0bc472e24cbae1464ad283acf267143e104d05767bd0bc284c8,"Databook, лист BS (годы до новой методологии); редакция DB"
due_from_banks,2023-12-31,5.312,RUB bn,IFRS,primary/t-databook-key-financial-ratios_pub2026-09-09.xlsx,BS!AP7,11386cbbb9ffb0bc472e24cbae1464ad283acf267143e104d05767bd0bc284c8,"Databook, лист BS (до новой методологии); редакция DB"
due_from_banks,2024-03-31,52.3,RUB bn,IFRS,primary/t-databook-key-financial-ratios_pub2026-09-09.xlsx,BS!AQ7,11386cbbb9ffb0bc472e24cbae1464ad283acf267143e104d05767bd0bc284c8,"Databook, лист BS; редакция DB"
due_from_banks,2024-06-30,123.8,RUB bn,IFRS,primary/t-databook-key-financial-ratios_pub2026-09-09.xlsx,BS!AR7,11386cbbb9ffb0bc472e24cbae1464ad283acf267143e104d05767bd0bc284c8,"Databook, лист BS; редакция DB"
due_from_banks,2024-09-30,94.9,RUB bn,IFRS,primary/t-databook-key-financial-ratios_pub2026-09-09.xlsx,BS!AS7,11386cbbb9ffb0bc472e24cbae1464ad283acf267143e104d05767bd0bc284c8,"Databook, лист BS; редакция DB"
due_from_banks,2024-12-31,48.277,RUB bn,IFRS,primary/FY2025_ifrs_fs.pdf,8,b7f5081af385b43d2ec9ab5d37ea9769464a680fe04a6e814bcb9cf59951009d,отчёт о финансовом положении (до реклассификаций 2026 г.); подтверждено редакцией DB: 48.3 (округление)
due_from_banks,2025-03-31,57.7,RUB bn,IFRS,primary/t-databook-key-financial-ratios_pub2026-09-09.xlsx,BS!AU7,11386cbbb9ffb0bc472e24cbae1464ad283acf267143e104d05767bd0bc284c8,"Databook, лист BS; редакция DB"
due_from_banks,2025-06-30,179.753,RUB bn,IFRS,primary/2025Q2_ifrs_fs.pdf,4,3ee9d08203db787516f65bc287cba237dfd600fa270ebbbc092e9765361d0f13,отчёт о финансовом положении (до реклассификаций 2026 г.); подтверждено редакцией DB: 179.8 (округление)
due_from_banks,2025-09-30,171.08,RUB bn,IFRS,primary/2025Q3_ifrs_fs.pdf,4,28fe9a46ebe9f101c572624f0a264e1d5c0a659d441b9abac47fa10643d1a4eb,отчёт о финансовом положении (до реклассификаций 2026 г.); подтверждено редакцией DB: 171.1 (округление)
due_from_banks,2025-12-31,194.609,RUB bn,IFRS,primary/FY2025_ifrs_fs.pdf,8,b7f5081af385b43d2ec9ab5d37ea9769464a680fe04a6e814bcb9cf59951009d,отчёт о финансовом положении (до реклассификаций 2026 г.); подтверждено редакцией 6M2026: 194.6 (округление)
due_from_banks,2026-03-31,259.6,RUB bn,IFRS,primary/2026Q1_ifrs_fs.pdf,6,6ac85944afbf4e9f2462fc4c17756069904a06f80675cbbef47ded5c5d30d18d,отчёт о финансовом положении; редакция 3M2026
due_from_banks,2026-06-30,136.3,RUB bn,IFRS,primary/2026Q2_ifrs_fs.pdf,6,fd08eacf4ed7e57c4c2f7bec258218fb030ebfe92415561a839d9d6247f4f5e7,отчёт о финансовом положении; редакция 6M2026
eqf_buyback__shareholders,3M2024,-28.29,RUB bn,IFRS,primary/2024Q1_ifrs_fs.pdf,8,b9c027b722c401f9420a49a348aec9b64b1733597c1685d02f5d245c7c2721d9,отчёт об изменениях капитала; редакция 3M2024
eqf_buyback__shareholders,3M2025,0,RUB bn,IFRS,primary/2025Q1_ifrs_fs.pdf,7,4d3d0aa57bae2832f70944e59c3814cb9fc3b90b40289ffbbca3cac3ee616a89,строки в отчёте об изменениях капитала нет — движения не было (раскрытый ноль); подтверждено редакцией 3M2026: 0 (округление)
eqf_buyback__shareholders,3M2026,-6.3,RUB bn,IFRS,primary/2026Q1_ifrs_fs.pdf,7,6ac85944afbf4e9f2462fc4c17756069904a06f80675cbbef47ded5c5d30d18d,отчёт об изменениях капитала; редакция 3M2026
eqf_buyback__shareholders,6M2024,-34.814,RUB bn,IFRS,primary/2024Q2_ifrs_fs.pdf,8,be54687573adea3084658ab793ea3cfcc6853644c7b2d2ced6baf260d26bb308,отчёт об изменениях капитала; редакция 6M2024
eqf_buyback__shareholders,6M2025,0,RUB bn,IFRS,primary/2025Q2_ifrs_fs.pdf,7,3ee9d08203db787516f65bc287cba237dfd600fa270ebbbc092e9765361d0f13,строки в отчёте об изменениях капитала нет — движения не было (раскрытый ноль); подтверждено редакцией 6M2026: 0 (округление)
eqf_buyback__shareholders,6M2026,-7.7,RUB bn,IFRS,primary/2026Q2_ifrs_fs.pdf,7,fd08eacf4ed7e57c4c2f7bec258218fb030ebfe92415561a839d9d6247f4f5e7,отчёт об изменениях капитала; редакция 6M2026
eqf_buyback__shareholders,9M2024,-34.862,RUB bn,IFRS,primary/2024Q3_ifrs_fs.pdf,8,a3dd5e075a73198ed1aea15d1fe474de7ef2e722d878aa3c5bf5185b9cc99f5c,отчёт об изменениях капитала; редакция 9M2024
eqf_buyback__shareholders,9M2025,-2.033,RUB bn,IFRS,primary/2025Q3_ifrs_fs.pdf,7,28fe9a46ebe9f101c572624f0a264e1d5c0a659d441b9abac47fa10643d1a4eb,отчёт об изменениях капитала; редакция 9M2025
eqf_buyback__shareholders,FY2023,0,RUB bn,IFRS,primary/FY2024_ifrs_fs.pdf,21,9d301667aa0c60c38440c66e2e785473a57f5c949cdb4b93306e3f3b90780078,строки в отчёте об изменениях капитала нет — движения не было (раскрытый ноль); редакция FY2024
eqf_buyback__shareholders,FY2024,-34.862,RUB bn,IFRS,primary/FY2024_ifrs_fs.pdf,21,9d301667aa0c60c38440c66e2e785473a57f5c949cdb4b93306e3f3b90780078,отчёт об изменениях капитала; редакция FY2024
eqf_buyback__shareholders,FY2025,-6.328,RUB bn,IFRS,primary/FY2025_ifrs_fs.pdf,11,b7f5081af385b43d2ec9ab5d37ea9769464a680fe04a6e814bcb9cf59951009d,отчёт об изменениях капитала; редакция FY2025
eqf_minority_buyout__shareholders,3M2024,0,RUB bn,IFRS,primary/2024Q1_ifrs_fs.pdf,8,b9c027b722c401f9420a49a348aec9b64b1733597c1685d02f5d245c7c2721d9,строки в отчёте об изменениях капитала нет — движения не было (раскрытый ноль); редакция 3M2024
eqf_minority_buyout__shareholders,3M2025,0,RUB bn,IFRS,primary/2025Q1_ifrs_fs.pdf,7,4d3d0aa57bae2832f70944e59c3814cb9fc3b90b40289ffbbca3cac3ee616a89,строки в отчёте об изменениях капитала нет — движения не было (раскрытый ноль); подтверждено редакцией 3M2026: 0 (округление)
eqf_minority_buyout__shareholders,3M2026,0,RUB bn,IFRS,primary/2026Q1_ifrs_fs.pdf,7,6ac85944afbf4e9f2462fc4c17756069904a06f80675cbbef47ded5c5d30d18d,строки в отчёте об изменениях капитала нет — движения не было (раскрытый ноль); редакция 3M2026
eqf_minority_buyout__shareholders,6M2024,0,RUB bn,IFRS,primary/2024Q2_ifrs_fs.pdf,8,be54687573adea3084658ab793ea3cfcc6853644c7b2d2ced6baf260d26bb308,строки в отчёте об изменениях капитала нет — движения не было (раскрытый ноль); редакция 6M2024
eqf_minority_buyout__shareholders,6M2025,-0.179,RUB bn,IFRS,primary/2025Q2_ifrs_fs.pdf,7,3ee9d08203db787516f65bc287cba237dfd600fa270ebbbc092e9765361d0f13,отчёт об изменениях капитала; подтверждено редакцией 6M2026: -0.2 (округление)
eqf_minority_buyout__shareholders,6M2026,0,RUB bn,IFRS,primary/2026Q2_ifrs_fs.pdf,7,fd08eacf4ed7e57c4c2f7bec258218fb030ebfe92415561a839d9d6247f4f5e7,строки в отчёте об изменениях капитала нет — движения не было (раскрытый ноль); редакция 6M2026
eqf_minority_buyout__shareholders,9M2024,0,RUB bn,IFRS,primary/2024Q3_ifrs_fs.pdf,8,a3dd5e075a73198ed1aea15d1fe474de7ef2e722d878aa3c5bf5185b9cc99f5c,строки в отчёте об изменениях капитала нет — движения не было (раскрытый ноль); редакция 9M2024
eqf_minority_buyout__shareholders,9M2025,-0.179,RUB bn,IFRS,primary/2025Q3_ifrs_fs.pdf,7,28fe9a46ebe9f101c572624f0a264e1d5c0a659d441b9abac47fa10643d1a4eb,отчёт об изменениях капитала; редакция 9M2025
eqf_minority_buyout__shareholders,FY2023,0,RUB bn,IFRS,primary/FY2024_ifrs_fs.pdf,21,9d301667aa0c60c38440c66e2e785473a57f5c949cdb4b93306e3f3b90780078,строки в отчёте об изменениях капитала нет — движения не было (раскрытый ноль); редакция FY2024
eqf_minority_buyout__shareholders,FY2024,-0.367,RUB bn,IFRS,primary/FY2024_ifrs_fs.pdf,21,9d301667aa0c60c38440c66e2e785473a57f5c949cdb4b93306e3f3b90780078,отчёт об изменениях капитала; редакция FY2024
eqf_minority_buyout__shareholders,FY2025,-0.938,RUB bn,IFRS,primary/FY2025_ifrs_fs.pdf,11,b7f5081af385b43d2ec9ab5d37ea9769464a680fe04a6e814bcb9cf59951009d,отчёт об изменениях капитала; редакция FY2025
eqf_other__shareholders,3M2024,0,RUB bn,IFRS,primary/2024Q1_ifrs_fs.pdf,8,b9c027b722c401f9420a49a348aec9b64b1733597c1685d02f5d245c7c2721d9,строки в отчёте об изменениях капитала нет — движения не было (раскрытый ноль); редакция 3M2024
eqf_other__shareholders,3M2025,0.592,RUB bn,IFRS,primary/2025Q1_ifrs_fs.pdf,7,4d3d0aa57bae2832f70944e59c3814cb9fc3b90b40289ffbbca3cac3ee616a89,отчёт об изменениях капитала; подтверждено редакцией 3M2026: 0.6 (округление)
eqf_other__shareholders,3M2026,0,RUB bn,IFRS,primary/2026Q1_ifrs_fs.pdf,7,6ac85944afbf4e9f2462fc4c17756069904a06f80675cbbef47ded5c5d30d18d,строки в отчёте об изменениях капитала нет — движения не было (раскрытый ноль); редакция 3M2026
eqf_other__shareholders,6M2024,0,RUB bn,IFRS,primary/2024Q2_ifrs_fs.pdf,8,be54687573adea3084658ab793ea3cfcc6853644c7b2d2ced6baf260d26bb308,строки в отчёте об изменениях капитала нет — движения не было (раскрытый ноль); редакция 6M2024
eqf_other__shareholders,6M2025,0.9,RUB bn,IFRS,primary/2026Q2_ifrs_fs.pdf,7,fd08eacf4ed7e57c4c2f7bec258218fb030ebfe92415561a839d9d6247f4f5e7,отчёт об изменениях капитала; редакция 6M2026; ранее: 0.786 (6M2025)
eqf_other__shareholders,6M2026,0,RUB bn,IFRS,primary/2026Q2_ifrs_fs.pdf,7,fd08eacf4ed7e57c4c2f7bec258218fb030ebfe92415561a839d9d6247f4f5e7,строки в отчёте об изменениях капитала нет — движения не было (раскрытый ноль); редакция 6M2026
eqf_other__shareholders,9M2024,0,RUB bn,IFRS,primary/2024Q3_ifrs_fs.pdf,8,a3dd5e075a73198ed1aea15d1fe474de7ef2e722d878aa3c5bf5185b9cc99f5c,строки в отчёте об изменениях капитала нет — движения не было (раскрытый ноль); редакция 9M2024
eqf_other__shareholders,9M2025,0.88,RUB bn,IFRS,primary/2025Q3_ifrs_fs.pdf,7,28fe9a46ebe9f101c572624f0a264e1d5c0a659d441b9abac47fa10643d1a4eb,отчёт об изменениях капитала; редакция 9M2025
eqf_other__shareholders,FY2023,0,RUB bn,IFRS,primary/FY2024_ifrs_fs.pdf,21,9d301667aa0c60c38440c66e2e785473a57f5c949cdb4b93306e3f3b90780078,строки в отчёте об изменениях капитала нет — движения не было (раскрытый ноль); редакция FY2024
eqf_other__shareholders,FY2024,0,RUB bn,IFRS,primary/FY2024_ifrs_fs.pdf,21,9d301667aa0c60c38440c66e2e785473a57f5c949cdb4b93306e3f3b90780078,строки в отчёте об изменениях капитала нет — движения не было (раскрытый ноль); редакция FY2024
eqf_other__shareholders,FY2025,0.935,RUB bn,IFRS,primary/FY2025_ifrs_fs.pdf,11,b7f5081af385b43d2ec9ab5d37ea9769464a680fe04a6e814bcb9cf59951009d,отчёт об изменениях капитала; редакция FY2025
eqf_sbp__shareholders,3M2024,0.445,RUB bn,IFRS,primary/2024Q1_ifrs_fs.pdf,8,b9c027b722c401f9420a49a348aec9b64b1733597c1685d02f5d245c7c2721d9,отчёт об изменениях капитала; редакция 3M2024
eqf_sbp__shareholders,3M2025,5.144,RUB bn,IFRS,primary/2025Q1_ifrs_fs.pdf,7,4d3d0aa57bae2832f70944e59c3814cb9fc3b90b40289ffbbca3cac3ee616a89,отчёт об изменениях капитала; подтверждено редакцией 3M2026: 5.1 (округление)
eqf_sbp__shareholders,3M2026,4.8,RUB bn,IFRS,primary/2026Q1_ifrs_fs.pdf,7,6ac85944afbf4e9f2462fc4c17756069904a06f80675cbbef47ded5c5d30d18d,отчёт об изменениях капитала; редакция 3M2026
eqf_sbp__shareholders,6M2024,3.849,RUB bn,IFRS,primary/2024Q2_ifrs_fs.pdf,8,be54687573adea3084658ab793ea3cfcc6853644c7b2d2ced6baf260d26bb308,отчёт об изменениях капитала; редакция 6M2024
eqf_sbp__shareholders,6M2025,10.325,RUB bn,IFRS,primary/2025Q2_ifrs_fs.pdf,7,3ee9d08203db787516f65bc287cba237dfd600fa270ebbbc092e9765361d0f13,отчёт об изменениях капитала; подтверждено редакцией 6M2026: 10.3 (округление)
eqf_sbp__shareholders,6M2026,11.2,RUB bn,IFRS,primary/2026Q2_ifrs_fs.pdf,7,fd08eacf4ed7e57c4c2f7bec258218fb030ebfe92415561a839d9d6247f4f5e7,отчёт об изменениях капитала; редакция 6M2026
eqf_sbp__shareholders,9M2024,4.017,RUB bn,IFRS,primary/2024Q3_ifrs_fs.pdf,8,a3dd5e075a73198ed1aea15d1fe474de7ef2e722d878aa3c5bf5185b9cc99f5c,отчёт об изменениях капитала; редакция 9M2024
eqf_sbp__shareholders,9M2025,11.436,RUB bn,IFRS,primary/2025Q3_ifrs_fs.pdf,7,28fe9a46ebe9f101c572624f0a264e1d5c0a659d441b9abac47fa10643d1a4eb,отчёт об изменениях капитала; редакция 9M2025
eqf_sbp__shareholders,FY2023,-0.298,RUB bn,IFRS,primary/FY2024_ifrs_fs.pdf,21,9d301667aa0c60c38440c66e2e785473a57f5c949cdb4b93306e3f3b90780078,отчёт об изменениях капитала; редакция FY2024
eqf_sbp__shareholders,FY2024,8.787,RUB bn,IFRS,primary/FY2024_ifrs_fs.pdf,21,9d301667aa0c60c38440c66e2e785473a57f5c949cdb4b93306e3f3b90780078,отчёт об изменениях капитала; редакция FY2024
eqf_sbp__shareholders,FY2025,14.536,RUB bn,IFRS,primary/FY2025_ifrs_fs.pdf,11,b7f5081af385b43d2ec9ab5d37ea9769464a680fe04a6e814bcb9cf59951009d,отчёт об изменениях капитала; редакция FY2025
eqf_subs_contrib__shareholders,3M2024,0,RUB bn,IFRS,primary/2024Q1_ifrs_fs.pdf,8,b9c027b722c401f9420a49a348aec9b64b1733597c1685d02f5d245c7c2721d9,строки в отчёте об изменениях капитала нет — движения не было (раскрытый ноль); редакция 3M2024
eqf_subs_contrib__shareholders,3M2025,0,RUB bn,IFRS,primary/2025Q1_ifrs_fs.pdf,7,4d3d0aa57bae2832f70944e59c3814cb9fc3b90b40289ffbbca3cac3ee616a89,строки в отчёте об изменениях капитала нет — движения не было (раскрытый ноль); подтверждено редакцией 3M2026: 0 (округление)
eqf_subs_contrib__shareholders,3M2026,-0.8,RUB bn,IFRS,primary/2026Q1_ifrs_fs.pdf,7,6ac85944afbf4e9f2462fc4c17756069904a06f80675cbbef47ded5c5d30d18d,отчёт об изменениях капитала; редакция 3M2026
eqf_subs_contrib__shareholders,6M2024,0,RUB bn,IFRS,primary/2024Q2_ifrs_fs.pdf,8,be54687573adea3084658ab793ea3cfcc6853644c7b2d2ced6baf260d26bb308,строки в отчёте об изменениях капитала нет — движения не было (раскрытый ноль); редакция 6M2024
eqf_subs_contrib__shareholders,6M2025,4.421,RUB bn,IFRS,primary/2025Q2_ifrs_fs.pdf,7,3ee9d08203db787516f65bc287cba237dfd600fa270ebbbc092e9765361d0f13,отчёт об изменениях капитала; подтверждено редакцией 6M2026: 4.4 (округление)
eqf_subs_contrib__shareholders,6M2026,-0.8,RUB bn,IFRS,primary/2026Q2_ifrs_fs.pdf,7,fd08eacf4ed7e57c4c2f7bec258218fb030ebfe92415561a839d9d6247f4f5e7,отчёт об изменениях капитала; редакция 6M2026
eqf_subs_contrib__shareholders,9M2024,0,RUB bn,IFRS,primary/2024Q3_ifrs_fs.pdf,8,a3dd5e075a73198ed1aea15d1fe474de7ef2e722d878aa3c5bf5185b9cc99f5c,строки в отчёте об изменениях капитала нет — движения не было (раскрытый ноль); редакция 9M2024
eqf_subs_contrib__shareholders,9M2025,4.421,RUB bn,IFRS,primary/2025Q3_ifrs_fs.pdf,7,28fe9a46ebe9f101c572624f0a264e1d5c0a659d441b9abac47fa10643d1a4eb,отчёт об изменениях капитала; редакция 9M2025
eqf_subs_contrib__shareholders,FY2023,0,RUB bn,IFRS,primary/FY2024_ifrs_fs.pdf,21,9d301667aa0c60c38440c66e2e785473a57f5c949cdb4b93306e3f3b90780078,строки в отчёте об изменениях капитала нет — движения не было (раскрытый ноль); редакция FY2024
eqf_subs_contrib__shareholders,FY2024,0,RUB bn,IFRS,primary/FY2024_ifrs_fs.pdf,21,9d301667aa0c60c38440c66e2e785473a57f5c949cdb4b93306e3f3b90780078,строки в отчёте об изменениях капитала нет — движения не было (раскрытый ноль); редакция FY2024
eqf_subs_contrib__shareholders,FY2025,3.069,RUB bn,IFRS,primary/FY2025_ifrs_fs.pdf,11,b7f5081af385b43d2ec9ab5d37ea9769464a680fe04a6e814bcb9cf59951009d,отчёт об изменениях капитала; редакция FY2025
fee_inc_lifestyle_classified,3M2024,0.4,RUB bn,IFRS,primary/t-databook-key-financial-ratios_pub2026-09-09.xlsx,Fees!C15,11386cbbb9ffb0bc472e24cbae1464ad283acf267143e104d05767bd0bc284c8,"Databook, лист Fees: накопленные данные; редакция DB"
fee_inc_lifestyle_classified,3M2025,1.4,RUB bn,IFRS,primary/t-databook-key-financial-ratios_pub2026-09-09.xlsx,Fees!G15,11386cbbb9ffb0bc472e24cbae1464ad283acf267143e104d05767bd0bc284c8,"Databook, лист Fees: накопленные данные; редакция DB"
fee_inc_lifestyle_classified,3M2026,4.8,RUB bn,IFRS,primary/t-databook-key-financial-ratios_pub2026-09-09.xlsx,Fees!K15,11386cbbb9ffb0bc472e24cbae1464ad283acf267143e104d05767bd0bc284c8,"Databook, лист Fees: накопленные данные; редакция DB"
fee_inc_lifestyle_classified,6M2024,1.6,RUB bn,IFRS,primary/t-databook-key-financial-ratios_pub2026-09-09.xlsx,Fees!D15,11386cbbb9ffb0bc472e24cbae1464ad283acf267143e104d05767bd0bc284c8,"Databook, лист Fees: накопленные данные; редакция DB"
fee_inc_lifestyle_classified,6M2025,4.8,RUB bn,IFRS,primary/t-databook-key-financial-ratios_pub2026-09-09.xlsx,Fees!H15,11386cbbb9ffb0bc472e24cbae1464ad283acf267143e104d05767bd0bc284c8,"Databook, лист Fees: накопленные данные; редакция DB"
fee_inc_lifestyle_classified,6M2026,12.8,RUB bn,IFRS,primary/t-databook-key-financial-ratios_pub2026-09-09.xlsx,Fees!L15,11386cbbb9ffb0bc472e24cbae1464ad283acf267143e104d05767bd0bc284c8,"Databook, лист Fees: накопленные данные; редакция DB"
fee_inc_lifestyle_classified,9M2024,3.3,RUB bn,IFRS,primary/t-databook-key-financial-ratios_pub2026-09-09.xlsx,Fees!E15,11386cbbb9ffb0bc472e24cbae1464ad283acf267143e104d05767bd0bc284c8,"Databook, лист Fees: накопленные данные; редакция DB"
fee_inc_lifestyle_classified,9M2025,9.4,RUB bn,IFRS,primary/t-databook-key-financial-ratios_pub2026-09-09.xlsx,Fees!I15,11386cbbb9ffb0bc472e24cbae1464ad283acf267143e104d05767bd0bc284c8,"Databook, лист Fees: накопленные данные; редакция DB"
fee_inc_lifestyle_classified,FY2024,5,RUB bn,IFRS,primary/t-databook-key-financial-ratios_pub2026-09-09.xlsx,Fees!F15,11386cbbb9ffb0bc472e24cbae1464ad283acf267143e104d05767bd0bc284c8,"Databook, лист Fees: накопленные данные; редакция DB"
fee_inc_lifestyle_classified,FY2025,16,RUB bn,IFRS,primary/t-databook-key-financial-ratios_pub2026-09-09.xlsx,Fees!J15,11386cbbb9ffb0bc472e24cbae1464ad283acf267143e104d05767bd0bc284c8,"Databook, лист Fees: накопленные данные; редакция DB"
fees_net,3M2024,23.7,RUB bn,IFRS,primary/t-databook-key-financial-ratios_pub2026-09-09.xlsx,PL!AQ49,11386cbbb9ffb0bc472e24cbae1464ad283acf267143e104d05767bd0bc284c8,Databook: накопленные данные; редакция DB
fees_net,3M2025,35.7,RUB bn,IFRS,primary/t-databook-key-financial-ratios_pub2026-09-09.xlsx,PL!AU49,11386cbbb9ffb0bc472e24cbae1464ad283acf267143e104d05767bd0bc284c8,Databook: накопленные данные; редакция DB
fees_net,3M2026,42.9,RUB bn,IFRS,primary/t-databook-key-financial-ratios_pub2026-09-09.xlsx,PL!AY49,11386cbbb9ffb0bc472e24cbae1464ad283acf267143e104d05767bd0bc284c8,Databook: накопленные данные; редакция DB
fees_net,6M2024,53,RUB bn,IFRS,primary/t-databook-key-financial-ratios_pub2026-09-09.xlsx,PL!AR49,11386cbbb9ffb0bc472e24cbae1464ad283acf267143e104d05767bd0bc284c8,Databook: накопленные данные; редакция DB
fees_net,6M2025,75.9,RUB bn,IFRS,primary/t-databook-key-financial-ratios_pub2026-09-09.xlsx,PL!AV49,11386cbbb9ffb0bc472e24cbae1464ad283acf267143e104d05767bd0bc284c8,Databook: накопленные данные; редакция DB
fees_net,6M2026,89.3,RUB bn,IFRS,primary/t-databook-key-financial-ratios_pub2026-09-09.xlsx,PL!AZ49,11386cbbb9ffb0bc472e24cbae1464ad283acf267143e104d05767bd0bc284c8,Databook: накопленные данные; редакция DB
fees_net,9M2024,88.7,RUB bn,IFRS,primary/t-databook-key-financial-ratios_pub2026-09-09.xlsx,PL!AS49,11386cbbb9ffb0bc472e24cbae1464ad283acf267143e104d05767bd0bc284c8,Databook: накопленные данные; редакция DB
fees_net,9M2025,121,RUB bn,IFRS,primary/t-databook-key-financial-ratios_pub2026-09-09.xlsx,PL!AW49,11386cbbb9ffb0bc472e24cbae1464ad283acf267143e104d05767bd0bc284c8,Databook: накопленные данные; редакция DB
fees_net,FY2019,20.26,RUB bn,IFRS (старый формат),primary/t-databook-key-financial-ratios_pub2026-09-09.xlsx,PL!Z49,11386cbbb9ffb0bc472e24cbae1464ad283acf267143e104d05767bd0bc284c8,Databook: строка нового формата заполнена эмитентом числом старого формата; с 2024 г. несопоставимо; редакция DB
fees_net,FY2020,25.394049,RUB bn,IFRS (старый формат),primary/t-databook-key-financial-ratios_pub2026-09-09.xlsx,PL!AD49,11386cbbb9ffb0bc472e24cbae1464ad283acf267143e104d05767bd0bc284c8,Databook: строка нового формата заполнена эмитентом числом старого формата; с 2024 г. несопоставимо; редакция DB
fees_net,FY2021,47.29,RUB bn,IFRS (старый формат),primary/t-databook-key-financial-ratios_pub2026-09-09.xlsx,PL!AH49,11386cbbb9ffb0bc472e24cbae1464ad283acf267143e104d05767bd0bc284c8,Databook: строка нового формата заполнена эмитентом числом старого формата; с 2024 г. несопоставимо; редакция DB
fees_net,FY2022,77.05,RUB bn,IFRS (старый формат),primary/t-databook-key-financial-ratios_pub2026-09-09.xlsx,PL!AL49,11386cbbb9ffb0bc472e24cbae1464ad283acf267143e104d05767bd0bc284c8,Databook: строка нового формата заполнена эмитентом числом старого формата; с 2024 г. несопоставимо; редакция DB
fees_net,FY2023,73.065,RUB bn,IFRS (старый формат),primary/t-databook-key-financial-ratios_pub2026-09-09.xlsx,PL!AP49,11386cbbb9ffb0bc472e24cbae1464ad283acf267143e104d05767bd0bc284c8,Databook: строка нового формата заполнена эмитентом числом старого формата; с 2024 г. несопоставимо; редакция DB
fees_net,FY2024,128.8,RUB bn,IFRS,primary/t-databook-key-financial-ratios_pub2026-09-09.xlsx,PL!AT49,11386cbbb9ffb0bc472e24cbae1464ad283acf267143e104d05767bd0bc284c8,Databook: накопленные данные; редакция DB
fees_net,FY2025,170.2,RUB bn,IFRS,primary/t-databook-key-financial-ratios_pub2026-09-09.xlsx,PL!AX49,11386cbbb9ffb0bc472e24cbae1464ad283acf267143e104d05767bd0bc284c8,Databook: накопленные данные; редакция DB
fx_net,3M2024,0.7,RUB bn,IFRS,primary/t-databook-key-financial-ratios_pub2026-09-09.xlsx,PL!AQ28,11386cbbb9ffb0bc472e24cbae1464ad283acf267143e104d05767bd0bc284c8,Databook: накопленные данные; редакция DB
fx_net,3M2025,-3.3,RUB bn,IFRS,primary/2026Q1_ifrs_fs.pdf,4,6ac85944afbf4e9f2462fc4c17756069904a06f80675cbbef47ded5c5d30d18d,отчёт о прибылях и убытках; новый формат; редакция 3M2026; редакция 3M2026
fx_net,3M2026,2.4,RUB bn,IFRS,primary/2026Q1_ifrs_fs.pdf,4,6ac85944afbf4e9f2462fc4c17756069904a06f80675cbbef47ded5c5d30d18d,отчёт о прибылях и убытках; новый формат; редакция 3M2026; редакция 3M2026
fx_net,6M2024,0,RUB bn,IFRS,primary/t-databook-key-financial-ratios_pub2026-09-09.xlsx,PL!AR28,11386cbbb9ffb0bc472e24cbae1464ad283acf267143e104d05767bd0bc284c8,Databook: накопленные данные; редакция DB
fx_net,6M2025,-4,RUB bn,IFRS,primary/2026Q2_ifrs_fs.pdf,4,fd08eacf4ed7e57c4c2f7bec258218fb030ebfe92415561a839d9d6247f4f5e7,отчёт о прибылях и убытках; новый формат; редакция 6M2026
fx_net,6M2026,2.9,RUB bn,IFRS,primary/2026Q2_ifrs_fs.pdf,4,fd08eacf4ed7e57c4c2f7bec258218fb030ebfe92415561a839d9d6247f4f5e7,отчёт о прибылях и убытках; новый формат; редакция 6M2026
fx_net,9M2024,7.4,RUB bn,IFRS,primary/t-databook-key-financial-ratios_pub2026-09-09.xlsx,PL!AS28,11386cbbb9ffb0bc472e24cbae1464ad283acf267143e104d05767bd0bc284c8,Databook: накопленные данные; редакция DB
fx_net,9M2025,0.3,RUB bn,IFRS,primary/t-databook-key-financial-ratios_pub2026-09-09.xlsx,PL!AW28,11386cbbb9ffb0bc472e24cbae1464ad283acf267143e104d05767bd0bc284c8,Databook: накопленные данные; редакция DB
fx_net,FY2019,-1.315,RUB bn,IFRS (старый формат),primary/t-databook-key-financial-ratios_pub2026-09-09.xlsx,PL!Z28,11386cbbb9ffb0bc472e24cbae1464ad283acf267143e104d05767bd0bc284c8,Databook: строка нового формата заполнена эмитентом числом старого формата; с 2024 г. несопоставимо; редакция DB
fx_net,FY2020,-1.092,RUB bn,IFRS (старый формат),primary/t-databook-key-financial-ratios_pub2026-09-09.xlsx,PL!AD28,11386cbbb9ffb0bc472e24cbae1464ad283acf267143e104d05767bd0bc284c8,Databook: строка нового формата заполнена эмитентом числом старого формата; с 2024 г. несопоставимо; редакция DB
fx_net,FY2021,-1.696,RUB bn,IFRS (старый формат),primary/t-databook-key-financial-ratios_pub2026-09-09.xlsx,PL!AH28,11386cbbb9ffb0bc472e24cbae1464ad283acf267143e104d05767bd0bc284c8,Databook: строка нового формата заполнена эмитентом числом старого формата; с 2024 г. несопоставимо; редакция DB
fx_net,FY2022,-6.986,RUB bn,IFRS (старый формат),primary/t-databook-key-financial-ratios_pub2026-09-09.xlsx,PL!AL28,11386cbbb9ffb0bc472e24cbae1464ad283acf267143e104d05767bd0bc284c8,Databook: строка нового формата заполнена эмитентом числом старого формата; с 2024 г. несопоставимо; редакция DB
fx_net,FY2023,9.273,RUB bn,IFRS (старый формат),primary/t-databook-key-financial-ratios_pub2026-09-09.xlsx,PL!AP28,11386cbbb9ffb0bc472e24cbae1464ad283acf267143e104d05767bd0bc284c8,Databook: строка нового формата заполнена эмитентом числом старого формата; с 2024 г. несопоставимо; редакция DB
fx_net,FY2024,8.8,RUB bn,IFRS,primary/t-databook-key-financial-ratios_pub2026-09-09.xlsx,PL!AT28,11386cbbb9ffb0bc472e24cbae1464ad283acf267143e104d05767bd0bc284c8,Databook: накопленные данные; редакция DB
fx_net,FY2025,-1.5,RUB bn,IFRS,primary/t-databook-key-financial-ratios_pub2026-09-09.xlsx,PL!AX28,11386cbbb9ffb0bc472e24cbae1464ad283acf267143e104d05767bd0bc284c8,Databook: накопленные данные; редакция DB
gl_fin_instruments,3M2024,-0.1,RUB bn,IFRS,primary/t-databook-key-financial-ratios_pub2026-09-09.xlsx,PL!AQ29,11386cbbb9ffb0bc472e24cbae1464ad283acf267143e104d05767bd0bc284c8,Databook: накопленные данные; редакция DB
gl_fin_instruments,3M2025,0.9,RUB bn,IFRS,primary/2026Q1_ifrs_fs.pdf,4,6ac85944afbf4e9f2462fc4c17756069904a06f80675cbbef47ded5c5d30d18d,отчёт о прибылях и убытках; новый формат; редакция 3M2026; редакция 3M2026
gl_fin_instruments,3M2026,-11.1,RUB bn,IFRS,primary/2026Q1_ifrs_fs.pdf,4,6ac85944afbf4e9f2462fc4c17756069904a06f80675cbbef47ded5c5d30d18d,отчёт о прибылях и убытках; новый формат; редакция 3M2026; редакция 3M2026
gl_fin_instruments,6M2024,-0.9,RUB bn,IFRS,primary/t-databook-key-financial-ratios_pub2026-09-09.xlsx,PL!AR29,11386cbbb9ffb0bc472e24cbae1464ad283acf267143e104d05767bd0bc284c8,Databook: накопленные данные; редакция DB
gl_fin_instruments,6M2025,12.8,RUB bn,IFRS,primary/2026Q2_ifrs_fs.pdf,4,fd08eacf4ed7e57c4c2f7bec258218fb030ebfe92415561a839d9d6247f4f5e7,отчёт о прибылях и убытках; новый формат; редакция 6M2026
gl_fin_instruments,6M2026,-27.1,RUB bn,IFRS,primary/2026Q2_ifrs_fs.pdf,4,fd08eacf4ed7e57c4c2f7bec258218fb030ebfe92415561a839d9d6247f4f5e7,отчёт о прибылях и убытках; новый формат; редакция 6M2026
gl_fin_instruments,9M2024,-0.2,RUB bn,IFRS,primary/t-databook-key-financial-ratios_pub2026-09-09.xlsx,PL!AS29,11386cbbb9ffb0bc472e24cbae1464ad283acf267143e104d05767bd0bc284c8,Databook: накопленные данные; редакция DB
gl_fin_instruments,9M2025,8.5,RUB bn,IFRS,primary/t-databook-key-financial-ratios_pub2026-09-09.xlsx,PL!AW29,11386cbbb9ffb0bc472e24cbae1464ad283acf267143e104d05767bd0bc284c8,Databook: накопленные данные; редакция DB
gl_fin_instruments,FY2019,0.69,RUB bn,IFRS (старый формат),primary/t-databook-key-financial-ratios_pub2026-09-09.xlsx,PL!Z29,11386cbbb9ffb0bc472e24cbae1464ad283acf267143e104d05767bd0bc284c8,Databook: строка нового формата заполнена эмитентом числом старого формата; с 2024 г. несопоставимо; редакция DB
gl_fin_instruments,FY2020,7.981,RUB bn,IFRS (старый формат),primary/t-databook-key-financial-ratios_pub2026-09-09.xlsx,PL!AD29,11386cbbb9ffb0bc472e24cbae1464ad283acf267143e104d05767bd0bc284c8,Databook: строка нового формата заполнена эмитентом числом старого формата; с 2024 г. несопоставимо; редакция DB
gl_fin_instruments,FY2021,8.438,RUB bn,IFRS (старый формат),primary/t-databook-key-financial-ratios_pub2026-09-09.xlsx,PL!AH29,11386cbbb9ffb0bc472e24cbae1464ad283acf267143e104d05767bd0bc284c8,Databook: строка нового формата заполнена эмитентом числом старого формата; с 2024 г. несопоставимо; редакция DB
gl_fin_instruments,FY2022,-2.751,RUB bn,IFRS (старый формат),primary/t-databook-key-financial-ratios_pub2026-09-09.xlsx,PL!AL29,11386cbbb9ffb0bc472e24cbae1464ad283acf267143e104d05767bd0bc284c8,Databook: строка нового формата заполнена эмитентом числом старого формата; с 2024 г. несопоставимо; редакция DB
gl_fin_instruments,FY2023,0.562,RUB bn,IFRS (старый формат),primary/t-databook-key-financial-ratios_pub2026-09-09.xlsx,PL!AP29,11386cbbb9ffb0bc472e24cbae1464ad283acf267143e104d05767bd0bc284c8,Databook: строка нового формата заполнена эмитентом числом старого формата; с 2024 г. несопоставимо; редакция DB
gl_fin_instruments,FY2024,1.9,RUB bn,IFRS,primary/t-databook-key-financial-ratios_pub2026-09-09.xlsx,PL!AT29,11386cbbb9ffb0bc472e24cbae1464ad283acf267143e104d05767bd0bc284c8,Databook: накопленные данные; редакция DB
gl_fin_instruments,FY2025,37.9,RUB bn,IFRS,primary/t-databook-key-financial-ratios_pub2026-09-09.xlsx,PL!AX29,11386cbbb9ffb0bc472e24cbae1464ad283acf267143e104d05767bd0bc284c8,Databook: накопленные данные; редакция DB
ie_nonfin_borrowings,3M2024,0,RUB bn,IFRS,primary/t-databook-key-financial-ratios_pub2026-09-09.xlsx,PL!AQ13,11386cbbb9ffb0bc472e24cbae1464ad283acf267143e104d05767bd0bc284c8,Databook: накопленные данные; редакция DB
ie_nonfin_borrowings,3M2025,0,RUB bn,IFRS,primary/2026Q1_ifrs_fs.pdf,4,6ac85944afbf4e9f2462fc4c17756069904a06f80675cbbef47ded5c5d30d18d,отчёт о прибылях и убытках; новый формат; редакция 3M2026; редакция 3M2026
ie_nonfin_borrowings,3M2026,-6.5,RUB bn,IFRS,primary/2026Q1_ifrs_fs.pdf,4,6ac85944afbf4e9f2462fc4c17756069904a06f80675cbbef47ded5c5d30d18d,отчёт о прибылях и убытках; новый формат; редакция 3M2026; редакция 3M2026
ie_nonfin_borrowings,6M2024,0,RUB bn,IFRS,primary/t-databook-key-financial-ratios_pub2026-09-09.xlsx,PL!AR13,11386cbbb9ffb0bc472e24cbae1464ad283acf267143e104d05767bd0bc284c8,Databook: накопленные данные; редакция DB
ie_nonfin_borrowings,6M2025,-3.4,RUB bn,IFRS,primary/2026Q2_ifrs_fs.pdf,4,fd08eacf4ed7e57c4c2f7bec258218fb030ebfe92415561a839d9d6247f4f5e7,отчёт о прибылях и убытках; новый формат; редакция 6M2026
ie_nonfin_borrowings,6M2026,-13.4,RUB bn,IFRS,primary/2026Q2_ifrs_fs.pdf,4,fd08eacf4ed7e57c4c2f7bec258218fb030ebfe92415561a839d9d6247f4f5e7,отчёт о прибылях и убытках; новый формат; редакция 6M2026
ie_nonfin_borrowings,9M2024,0,RUB bn,IFRS,primary/t-databook-key-financial-ratios_pub2026-09-09.xlsx,PL!AS13,11386cbbb9ffb0bc472e24cbae1464ad283acf267143e104d05767bd0bc284c8,Databook: накопленные данные; редакция DB
ie_nonfin_borrowings,9M2025,-8.3,RUB bn,IFRS,primary/t-databook-key-financial-ratios_pub2026-09-09.xlsx,PL!AW13,11386cbbb9ffb0bc472e24cbae1464ad283acf267143e104d05767bd0bc284c8,Databook: накопленные данные; редакция DB
ie_nonfin_borrowings,FY2024,0,RUB bn,IFRS,primary/t-databook-key-financial-ratios_pub2026-09-09.xlsx,PL!AT13,11386cbbb9ffb0bc472e24cbae1464ad283acf267143e104d05767bd0bc284c8,Databook: накопленные данные; редакция DB
ie_nonfin_borrowings,FY2025,-14.2,RUB bn,IFRS,primary/t-databook-key-financial-ratios_pub2026-09-09.xlsx,PL!AX13,11386cbbb9ffb0bc472e24cbae1464ad283acf267143e104d05767bd0bc284c8,Databook: накопленные данные; редакция DB
ins_net,3M2024,10.9,RUB bn,IFRS,primary/t-databook-key-financial-ratios_pub2026-09-09.xlsx,PL!AQ50,11386cbbb9ffb0bc472e24cbae1464ad283acf267143e104d05767bd0bc284c8,Databook: накопленные данные; редакция DB
ins_net,3M2025,11,RUB bn,IFRS,primary/t-databook-key-financial-ratios_pub2026-09-09.xlsx,PL!AU50,11386cbbb9ffb0bc472e24cbae1464ad283acf267143e104d05767bd0bc284c8,Databook: накопленные данные; редакция DB
ins_net,3M2026,9.8,RUB bn,IFRS,primary/t-databook-key-financial-ratios_pub2026-09-09.xlsx,PL!AY50,11386cbbb9ffb0bc472e24cbae1464ad283acf267143e104d05767bd0bc284c8,Databook: накопленные данные; редакция DB
ins_net,6M2024,22.7,RUB bn,IFRS,primary/t-databook-key-financial-ratios_pub2026-09-09.xlsx,PL!AR50,11386cbbb9ffb0bc472e24cbae1464ad283acf267143e104d05767bd0bc284c8,Databook: накопленные данные; редакция DB
ins_net,6M2025,22.2,RUB bn,IFRS,primary/t-databook-key-financial-ratios_pub2026-09-09.xlsx,PL!AV50,11386cbbb9ffb0bc472e24cbae1464ad283acf267143e104d05767bd0bc284c8,Databook: накопленные данные; редакция DB
ins_net,6M2026,22.6,RUB bn,IFRS,primary/t-databook-key-financial-ratios_pub2026-09-09.xlsx,PL!AZ50,11386cbbb9ffb0bc472e24cbae1464ad283acf267143e104d05767bd0bc284c8,Databook: накопленные данные; редакция DB
ins_net,9M2024,35,RUB bn,IFRS,primary/t-databook-key-financial-ratios_pub2026-09-09.xlsx,PL!AS50,11386cbbb9ffb0bc472e24cbae1464ad283acf267143e104d05767bd0bc284c8,Databook: накопленные данные; редакция DB
ins_net,9M2025,33.4,RUB bn,IFRS,primary/t-databook-key-financial-ratios_pub2026-09-09.xlsx,PL!AW50,11386cbbb9ffb0bc472e24cbae1464ad283acf267143e104d05767bd0bc284c8,Databook: накопленные данные; редакция DB
ins_net,FY2019,9.219,RUB bn,IFRS (старый формат),primary/t-databook-key-financial-ratios_pub2026-09-09.xlsx,PL!Z50,11386cbbb9ffb0bc472e24cbae1464ad283acf267143e104d05767bd0bc284c8,Databook: строка нового формата заполнена эмитентом числом старого формата; с 2024 г. несопоставимо; редакция DB
ins_net,FY2020,14.753,RUB bn,IFRS (старый формат),primary/t-databook-key-financial-ratios_pub2026-09-09.xlsx,PL!AD50,11386cbbb9ffb0bc472e24cbae1464ad283acf267143e104d05767bd0bc284c8,Databook: строка нового формата заполнена эмитентом числом старого формата; с 2024 г. несопоставимо; редакция DB
ins_net,FY2021,18.099,RUB bn,IFRS (старый формат),primary/t-databook-key-financial-ratios_pub2026-09-09.xlsx,PL!AH50,11386cbbb9ffb0bc472e24cbae1464ad283acf267143e104d05767bd0bc284c8,Databook: строка нового формата заполнена эмитентом числом старого формата; с 2024 г. несопоставимо; редакция DB
ins_net,FY2022,27.164,RUB bn,IFRS (старый формат),primary/t-databook-key-financial-ratios_pub2026-09-09.xlsx,PL!AL50,11386cbbb9ffb0bc472e24cbae1464ad283acf267143e104d05767bd0bc284c8,Databook: строка нового формата заполнена эмитентом числом старого формата; с 2024 г. несопоставимо; редакция DB
ins_net,FY2023,38.561,RUB bn,IFRS (старый формат),primary/t-databook-key-financial-ratios_pub2026-09-09.xlsx,PL!AP50,11386cbbb9ffb0bc472e24cbae1464ad283acf267143e104d05767bd0bc284c8,Databook: строка нового формата заполнена эмитентом числом старого формата; с 2024 г. несопоставимо; редакция DB
ins_net,FY2024,46.7,RUB bn,IFRS,primary/t-databook-key-financial-ratios_pub2026-09-09.xlsx,PL!AT50,11386cbbb9ffb0bc472e24cbae1464ad283acf267143e104d05767bd0bc284c8,Databook: накопленные данные; редакция DB
ins_net,FY2025,44.6,RUB bn,IFRS,primary/t-databook-key-financial-ratios_pub2026-09-09.xlsx,PL!AX50,11386cbbb9ffb0bc472e24cbae1464ad283acf267143e104d05767bd0bc284c8,Databook: накопленные данные; редакция DB
invest_portfolio_ex_yandex,2023-12-31,0,RUB bn,issuer-defined (Databook),primary/t-databook-key-financial-ratios_pub2026-09-09.xlsx,BS!AP65,11386cbbb9ffb0bc472e24cbae1464ad283acf267143e104d05767bd0bc284c8,"Databook, лист BS; редакция DB"
invest_portfolio_ex_yandex,2024-03-31,344.9,RUB bn,issuer-defined (Databook),primary/t-databook-key-financial-ratios_pub2026-09-09.xlsx,BS!AQ65,11386cbbb9ffb0bc472e24cbae1464ad283acf267143e104d05767bd0bc284c8,"Databook, лист BS; редакция DB"
invest_portfolio_ex_yandex,2024-06-30,325.2,RUB bn,issuer-defined (Databook),primary/t-databook-key-financial-ratios_pub2026-09-09.xlsx,BS!AR65,11386cbbb9ffb0bc472e24cbae1464ad283acf267143e104d05767bd0bc284c8,"Databook, лист BS; редакция DB"
invest_portfolio_ex_yandex,2024-09-30,525.7,RUB bn,issuer-defined (Databook),primary/t-databook-key-financial-ratios_pub2026-09-09.xlsx,BS!AS65,11386cbbb9ffb0bc472e24cbae1464ad283acf267143e104d05767bd0bc284c8,"Databook, лист BS; редакция DB"
invest_portfolio_ex_yandex,2024-12-31,531.7,RUB bn,issuer-defined (Databook),primary/t-databook-key-financial-ratios_pub2026-09-09.xlsx,BS!AT65,11386cbbb9ffb0bc472e24cbae1464ad283acf267143e104d05767bd0bc284c8,"Databook, лист BS; редакция DB"
invest_portfolio_ex_yandex,2025-03-31,557.1,RUB bn,issuer-defined (Databook),primary/t-databook-key-financial-ratios_pub2026-09-09.xlsx,BS!AU65,11386cbbb9ffb0bc472e24cbae1464ad283acf267143e104d05767bd0bc284c8,"Databook, лист BS; редакция DB"
invest_portfolio_ex_yandex,2025-06-30,601.089909,RUB bn,issuer-defined (Databook),primary/t-databook-key-financial-ratios_pub2026-09-09.xlsx,BS!AV65,11386cbbb9ffb0bc472e24cbae1464ad283acf267143e104d05767bd0bc284c8,"Databook, лист BS; редакция DB"
invest_portfolio_ex_yandex,2025-09-30,577.314,RUB bn,issuer-defined (Databook),primary/t-databook-key-financial-ratios_pub2026-09-09.xlsx,BS!AW65,11386cbbb9ffb0bc472e24cbae1464ad283acf267143e104d05767bd0bc284c8,"Databook, лист BS; редакция DB"
invest_portfolio_ex_yandex,2025-12-31,576.547,RUB bn,issuer-defined (Databook),primary/t-databook-key-financial-ratios_pub2026-09-09.xlsx,BS!AX65,11386cbbb9ffb0bc472e24cbae1464ad283acf267143e104d05767bd0bc284c8,"Databook, лист BS; редакция DB"
invest_portfolio_ex_yandex,2026-03-31,687.7,RUB bn,issuer-defined (Databook),primary/t-databook-key-financial-ratios_pub2026-09-09.xlsx,BS!AY65,11386cbbb9ffb0bc472e24cbae1464ad283acf267143e104d05767bd0bc284c8,"Databook, лист BS; редакция DB"
invest_portfolio_ex_yandex,2026-06-30,802.6,RUB bn,issuer-defined (Databook),primary/t-databook-key-financial-ratios_pub2026-09-09.xlsx,BS!AZ65,11386cbbb9ffb0bc472e24cbae1464ad283acf267143e104d05767bd0bc284c8,"Databook, лист BS; редакция DB"
llp_debt_fa,3M2024,-21.2,RUB bn,IFRS,primary/t-databook-key-financial-ratios_pub2026-09-09.xlsx,PL!AQ20,11386cbbb9ffb0bc472e24cbae1464ad283acf267143e104d05767bd0bc284c8,Databook: накопленные данные; редакция DB
llp_debt_fa,3M2025,-33.7,RUB bn,IFRS,primary/2026Q1_ifrs_fs.pdf,4,6ac85944afbf4e9f2462fc4c17756069904a06f80675cbbef47ded5c5d30d18d,отчёт о прибылях и убытках; новый формат; редакция 3M2026; редакция 3M2026
llp_debt_fa,3M2026,-45.5,RUB bn,IFRS,primary/2026Q1_ifrs_fs.pdf,4,6ac85944afbf4e9f2462fc4c17756069904a06f80675cbbef47ded5c5d30d18d,отчёт о прибылях и убытках; новый формат; редакция 3M2026; редакция 3M2026
llp_debt_fa,6M2024,-44.1,RUB bn,IFRS,primary/t-databook-key-financial-ratios_pub2026-09-09.xlsx,PL!AR20,11386cbbb9ffb0bc472e24cbae1464ad283acf267143e104d05767bd0bc284c8,Databook: накопленные данные; редакция DB
llp_debt_fa,6M2025,-79.7,RUB bn,IFRS,primary/2026Q2_ifrs_fs.pdf,4,fd08eacf4ed7e57c4c2f7bec258218fb030ebfe92415561a839d9d6247f4f5e7,отчёт о прибылях и убытках; новый формат; редакция 6M2026
llp_debt_fa,6M2026,-87,RUB bn,IFRS,primary/2026Q2_ifrs_fs.pdf,4,fd08eacf4ed7e57c4c2f7bec258218fb030ebfe92415561a839d9d6247f4f5e7,отчёт о прибылях и убытках; новый формат; редакция 6M2026
llp_debt_fa,9M2024,-86,RUB bn,IFRS,primary/t-databook-key-financial-ratios_pub2026-09-09.xlsx,PL!AS20,11386cbbb9ffb0bc472e24cbae1464ad283acf267143e104d05767bd0bc284c8,Databook: накопленные данные; редакция DB
llp_debt_fa,9M2025,-125.8,RUB bn,IFRS,primary/t-databook-key-financial-ratios_pub2026-09-09.xlsx,PL!AW20,11386cbbb9ffb0bc472e24cbae1464ad283acf267143e104d05767bd0bc284c8,Databook: накопленные данные; редакция DB
llp_debt_fa,FY2019,-26.411627,RUB bn,IFRS (старый формат),primary/t-databook-key-financial-ratios_pub2026-09-09.xlsx,PL!Z20,11386cbbb9ffb0bc472e24cbae1464ad283acf267143e104d05767bd0bc284c8,Databook: строка нового формата заполнена эмитентом числом старого формата; с 2024 г. несопоставимо; редакция DB
llp_debt_fa,FY2020,-39.341,RUB bn,IFRS (старый формат),primary/t-databook-key-financial-ratios_pub2026-09-09.xlsx,PL!AD20,11386cbbb9ffb0bc472e24cbae1464ad283acf267143e104d05767bd0bc284c8,Databook: строка нового формата заполнена эмитентом числом старого формата; с 2024 г. несопоставимо; редакция DB
llp_debt_fa,FY2021,-21.683,RUB bn,IFRS (старый формат),primary/t-databook-key-financial-ratios_pub2026-09-09.xlsx,PL!AH20,11386cbbb9ffb0bc472e24cbae1464ad283acf267143e104d05767bd0bc284c8,Databook: строка нового формата заполнена эмитентом числом старого формата; с 2024 г. несопоставимо; редакция DB
llp_debt_fa,FY2022,-67.502,RUB bn,IFRS (старый формат),primary/t-databook-key-financial-ratios_pub2026-09-09.xlsx,PL!AL20,11386cbbb9ffb0bc472e24cbae1464ad283acf267143e104d05767bd0bc284c8,Databook: строка нового формата заполнена эмитентом числом старого формата; с 2024 г. несопоставимо; редакция DB
llp_debt_fa,FY2023,-50.239,RUB bn,IFRS (старый формат),primary/t-databook-key-financial-ratios_pub2026-09-09.xlsx,PL!AP20,11386cbbb9ffb0bc472e24cbae1464ad283acf267143e104d05767bd0bc284c8,Databook: строка нового формата заполнена эмитентом числом старого формата; с 2024 г. несопоставимо; редакция DB
llp_debt_fa,FY2024,-129.6,RUB bn,IFRS,primary/t-databook-key-financial-ratios_pub2026-09-09.xlsx,PL!AT20,11386cbbb9ffb0bc472e24cbae1464ad283acf267143e104d05767bd0bc284c8,Databook: накопленные данные; редакция DB
llp_debt_fa,FY2025,-165.2,RUB bn,IFRS,primary/t-databook-key-financial-ratios_pub2026-09-09.xlsx,PL!AX20,11386cbbb9ffb0bc472e24cbae1464ad283acf267143e104d05767bd0bc284c8,Databook: накопленные данные; редакция DB
llp_loans_and_commitments,6M2025,-79.9,RUB bn,IFRS,primary/2026Q2_ifrs_fs.pdf,71,fd08eacf4ed7e57c4c2f7bec258218fb030ebfe92415561a839d9d6247f4f5e7,прим. 17; редакция 6M2026
llp_loans_and_commitments,6M2026,-87.3,RUB bn,IFRS,primary/2026Q2_ifrs_fs.pdf,71,fd08eacf4ed7e57c4c2f7bec258218fb030ebfe92415561a839d9d6247f4f5e7,прим. 17; редакция 6M2026
loans_fvtpl,2023-12-31,0.297,RUB bn,IFRS,primary/t-databook-key-financial-ratios_pub2026-09-09.xlsx,Credit!AP14,11386cbbb9ffb0bc472e24cbae1464ad283acf267143e104d05767bd0bc284c8,"Databook, лист Credit; редакция DB"
loans_fvtpl,2024-03-31,0.2,RUB bn,IFRS,primary/t-databook-key-financial-ratios_pub2026-09-09.xlsx,Credit!AQ14,11386cbbb9ffb0bc472e24cbae1464ad283acf267143e104d05767bd0bc284c8,"Databook, лист Credit; редакция DB"
loans_fvtpl,2024-06-30,1.8,RUB bn,IFRS,primary/t-databook-key-financial-ratios_pub2026-09-09.xlsx,Credit!AR14,11386cbbb9ffb0bc472e24cbae1464ad283acf267143e104d05767bd0bc284c8,"Databook, лист Credit; редакция DB"
loans_fvtpl,2024-09-30,1.7,RUB bn,IFRS,primary/t-databook-key-financial-ratios_pub2026-09-09.xlsx,Credit!AS14,11386cbbb9ffb0bc472e24cbae1464ad283acf267143e104d05767bd0bc284c8,"Databook, лист Credit; редакция DB"
loans_fvtpl,2024-12-31,4.5,RUB bn,IFRS,primary/t-databook-key-financial-ratios_pub2026-09-09.xlsx,Credit!AT14,11386cbbb9ffb0bc472e24cbae1464ad283acf267143e104d05767bd0bc284c8,"Databook, лист Credit; редакция DB"
loans_fvtpl,2025-03-31,4.6,RUB bn,IFRS,primary/t-databook-key-financial-ratios_pub2026-09-09.xlsx,Credit!AU14,11386cbbb9ffb0bc472e24cbae1464ad283acf267143e104d05767bd0bc284c8,"Databook, лист Credit; редакция DB"
loans_fvtpl,2025-06-30,4.6,RUB bn,IFRS,primary/t-databook-key-financial-ratios_pub2026-09-09.xlsx,Credit!AV14,11386cbbb9ffb0bc472e24cbae1464ad283acf267143e104d05767bd0bc284c8,"Databook, лист Credit; редакция DB"
loans_fvtpl,2025-09-30,4.7,RUB bn,IFRS,primary/t-databook-key-financial-ratios_pub2026-09-09.xlsx,Credit!AW14,11386cbbb9ffb0bc472e24cbae1464ad283acf267143e104d05767bd0bc284c8,"Databook, лист Credit; редакция DB"
loans_fvtpl,2025-12-31,5.1,RUB bn,IFRS,primary/2026Q2_ifrs_fs.pdf,39,fd08eacf4ed7e57c4c2f7bec258218fb030ebfe92415561a839d9d6247f4f5e7,прим. 17; редакция 6M2026
loans_fvtpl,2026-03-31,5.2,RUB bn,IFRS,primary/2026Q1_ifrs_fs.pdf,33,6ac85944afbf4e9f2462fc4c17756069904a06f80675cbbef47ded5c5d30d18d,прим. 16; редакция 3M2026
loans_fvtpl,2026-06-30,5.3,RUB bn,IFRS,primary/2026Q2_ifrs_fs.pdf,39,fd08eacf4ed7e57c4c2f7bec258218fb030ebfe92415561a839d9d6247f4f5e7,прим. 17; редакция 6M2026
loans_gross_incl_lease_fvtpl,2023-12-31,1121.435,RUB bn,IFRS,primary/t-databook-key-financial-ratios_pub2026-09-09.xlsx,Credit!AP6,11386cbbb9ffb0bc472e24cbae1464ad283acf267143e104d05767bd0bc284c8,"Databook, лист Credit; редакция DB"
loans_gross_incl_lease_fvtpl,2024-03-31,1251.8,RUB bn,IFRS,primary/t-databook-key-financial-ratios_pub2026-09-09.xlsx,Credit!AQ6,11386cbbb9ffb0bc472e24cbae1464ad283acf267143e104d05767bd0bc284c8,"Databook, лист Credit; редакция DB"
loans_gross_incl_lease_fvtpl,2024-06-30,1370.7,RUB bn,IFRS,primary/t-databook-key-financial-ratios_pub2026-09-09.xlsx,Credit!AR6,11386cbbb9ffb0bc472e24cbae1464ad283acf267143e104d05767bd0bc284c8,"Databook, лист Credit; редакция DB"
loans_gross_incl_lease_fvtpl,2024-09-30,2807.9,RUB bn,IFRS,primary/t-databook-key-financial-ratios_pub2026-09-09.xlsx,Credit!AS6,11386cbbb9ffb0bc472e24cbae1464ad283acf267143e104d05767bd0bc284c8,"Databook, лист Credit; редакция DB"
loans_gross_incl_lease_fvtpl,2024-12-31,2763.8,RUB bn,IFRS,primary/t-databook-key-financial-ratios_pub2026-09-09.xlsx,Credit!AT6,11386cbbb9ffb0bc472e24cbae1464ad283acf267143e104d05767bd0bc284c8,"Databook, лист Credit; редакция DB"
loans_gross_incl_lease_fvtpl,2025-03-31,2779.3,RUB bn,IFRS,primary/t-databook-key-financial-ratios_pub2026-09-09.xlsx,Credit!AU6,11386cbbb9ffb0bc472e24cbae1464ad283acf267143e104d05767bd0bc284c8,"Databook, лист Credit; редакция DB"
loans_gross_incl_lease_fvtpl,2025-06-30,3042.8,RUB bn,IFRS,primary/t-databook-key-financial-ratios_pub2026-09-09.xlsx,Credit!AV6,11386cbbb9ffb0bc472e24cbae1464ad283acf267143e104d05767bd0bc284c8,"Databook, лист Credit; редакция DB"
loans_gross_incl_lease_fvtpl,2025-09-30,3237.2,RUB bn,IFRS,primary/t-databook-key-financial-ratios_pub2026-09-09.xlsx,Credit!AW6,11386cbbb9ffb0bc472e24cbae1464ad283acf267143e104d05767bd0bc284c8,"Databook, лист Credit; редакция DB"
loans_gross_incl_lease_fvtpl,2025-12-31,3482.4,RUB bn,IFRS,primary/t-databook-key-financial-ratios_pub2026-09-09.xlsx,Credit!AX6,11386cbbb9ffb0bc472e24cbae1464ad283acf267143e104d05767bd0bc284c8,"Databook, лист Credit; редакция DB"
loans_gross_incl_lease_fvtpl,2026-03-31,3576,RUB bn,IFRS,primary/t-databook-key-financial-ratios_pub2026-09-09.xlsx,Credit!AY6,11386cbbb9ffb0bc472e24cbae1464ad283acf267143e104d05767bd0bc284c8,"Databook, лист Credit; редакция DB"
loans_gross_incl_lease_fvtpl,2026-06-30,3813.1,RUB bn,IFRS,primary/t-databook-key-financial-ratios_pub2026-09-09.xlsx,Credit!AZ6,11386cbbb9ffb0bc472e24cbae1464ad283acf267143e104d05767bd0bc284c8,"Databook, лист Credit; редакция DB"
mandatory_reserves,2018-12-31,2.435,RUB bn,IFRS (старый формат),primary/t-databook-key-financial-ratios_pub2026-09-09.xlsx,BS!V6,11386cbbb9ffb0bc472e24cbae1464ad283acf267143e104d05767bd0bc284c8,"Databook, лист BS (годы до новой методологии); редакция DB"
mandatory_reserves,2019-12-31,3.448,RUB bn,IFRS (старый формат),primary/t-databook-key-financial-ratios_pub2026-09-09.xlsx,BS!Z6,11386cbbb9ffb0bc472e24cbae1464ad283acf267143e104d05767bd0bc284c8,"Databook, лист BS (годы до новой методологии); редакция DB"
mandatory_reserves,2020-12-31,5.379,RUB bn,IFRS (старый формат),primary/t-databook-key-financial-ratios_pub2026-09-09.xlsx,BS!AD6,11386cbbb9ffb0bc472e24cbae1464ad283acf267143e104d05767bd0bc284c8,"Databook, лист BS (годы до новой методологии); редакция DB"
mandatory_reserves,2021-12-31,8.589,RUB bn,IFRS (старый формат),primary/t-databook-key-financial-ratios_pub2026-09-09.xlsx,BS!AH6,11386cbbb9ffb0bc472e24cbae1464ad283acf267143e104d05767bd0bc284c8,"Databook, лист BS (годы до новой методологии); редакция DB"
mandatory_reserves,2022-12-31,1.69,RUB bn,IFRS (старый формат),primary/t-databook-key-financial-ratios_pub2026-09-09.xlsx,BS!AL6,11386cbbb9ffb0bc472e24cbae1464ad283acf267143e104d05767bd0bc284c8,"Databook, лист BS (годы до новой методологии); редакция DB"
mandatory_reserves,2023-12-31,3.189,RUB bn,IFRS,primary/t-databook-key-financial-ratios_pub2026-09-09.xlsx,BS!AP6,11386cbbb9ffb0bc472e24cbae1464ad283acf267143e104d05767bd0bc284c8,"Databook, лист BS (до новой методологии); редакция DB"
mandatory_reserves,2024-03-31,6.7,RUB bn,IFRS,primary/t-databook-key-financial-ratios_pub2026-09-09.xlsx,BS!AQ6,11386cbbb9ffb0bc472e24cbae1464ad283acf267143e104d05767bd0bc284c8,"Databook, лист BS; редакция DB"
mandatory_reserves,2024-06-30,6.7,RUB bn,IFRS,primary/t-databook-key-financial-ratios_pub2026-09-09.xlsx,BS!AR6,11386cbbb9ffb0bc472e24cbae1464ad283acf267143e104d05767bd0bc284c8,"Databook, лист BS; редакция DB"
mandatory_reserves,2024-09-30,13.6,RUB bn,IFRS,primary/t-databook-key-financial-ratios_pub2026-09-09.xlsx,BS!AS6,11386cbbb9ffb0bc472e24cbae1464ad283acf267143e104d05767bd0bc284c8,"Databook, лист BS; редакция DB"
mandatory_reserves,2024-12-31,13.629,RUB bn,IFRS,primary/FY2025_ifrs_fs.pdf,8,b7f5081af385b43d2ec9ab5d37ea9769464a680fe04a6e814bcb9cf59951009d,отчёт о финансовом положении (до реклассификаций 2026 г.); подтверждено редакцией DB: 13.6 (округление)
mandatory_reserves,2025-03-31,15,RUB bn,IFRS,primary/t-databook-key-financial-ratios_pub2026-09-09.xlsx,BS!AU6,11386cbbb9ffb0bc472e24cbae1464ad283acf267143e104d05767bd0bc284c8,"Databook, лист BS; редакция DB"
mandatory_reserves,2025-06-30,15.003,RUB bn,IFRS,primary/2025Q2_ifrs_fs.pdf,4,3ee9d08203db787516f65bc287cba237dfd600fa270ebbbc092e9765361d0f13,отчёт о финансовом положении (до реклассификаций 2026 г.); подтверждено редакцией DB: 15 (округление)
mandatory_reserves,2025-09-30,15.003,RUB bn,IFRS,primary/2025Q3_ifrs_fs.pdf,4,28fe9a46ebe9f101c572624f0a264e1d5c0a659d441b9abac47fa10643d1a4eb,отчёт о финансовом положении (до реклассификаций 2026 г.); подтверждено редакцией DB: 15 (округление)
mandatory_reserves,2025-12-31,15.003,RUB bn,IFRS,primary/FY2025_ifrs_fs.pdf,8,b7f5081af385b43d2ec9ab5d37ea9769464a680fe04a6e814bcb9cf59951009d,отчёт о финансовом положении (до реклассификаций 2026 г.); подтверждено редакцией 6M2026: 15 (округление)
mandatory_reserves,2026-03-31,15.6,RUB bn,IFRS,primary/2026Q1_ifrs_fs.pdf,6,6ac85944afbf4e9f2462fc4c17756069904a06f80675cbbef47ded5c5d30d18d,отчёт о финансовом положении; редакция 3M2026
mandatory_reserves,2026-06-30,15.6,RUB bn,IFRS,primary/2026Q2_ifrs_fs.pdf,6,fd08eacf4ed7e57c4c2f7bec258218fb030ebfe92415561a839d9d6247f4f5e7,отчёт о финансовом положении; редакция 6M2026
nii,3M2024,69.3,RUB bn,IFRS,primary/t-databook-key-financial-ratios_pub2026-09-09.xlsx,PL!AQ48,11386cbbb9ffb0bc472e24cbae1464ad283acf267143e104d05767bd0bc284c8,Databook: накопленные данные; редакция DB
nii,3M2025,111.4,RUB bn,IFRS,primary/t-databook-key-financial-ratios_pub2026-09-09.xlsx,PL!AU48,11386cbbb9ffb0bc472e24cbae1464ad283acf267143e104d05767bd0bc284c8,Databook: накопленные данные; редакция DB
nii,3M2026,144.7,RUB bn,IFRS,primary/t-databook-key-financial-ratios_pub2026-09-09.xlsx,PL!AY48,11386cbbb9ffb0bc472e24cbae1464ad283acf267143e104d05767bd0bc284c8,Databook: накопленные данные; редакция DB
nii,6M2024,142.7,RUB bn,IFRS,primary/t-databook-key-financial-ratios_pub2026-09-09.xlsx,PL!AR48,11386cbbb9ffb0bc472e24cbae1464ad283acf267143e104d05767bd0bc284c8,Databook: накопленные данные; редакция DB
nii,6M2025,231,RUB bn,IFRS,primary/t-databook-key-financial-ratios_pub2026-09-09.xlsx,PL!AV48,11386cbbb9ffb0bc472e24cbae1464ad283acf267143e104d05767bd0bc284c8,Databook: накопленные данные; редакция DB
nii,6M2026,302.3,RUB bn,IFRS,primary/t-databook-key-financial-ratios_pub2026-09-09.xlsx,PL!AZ48,11386cbbb9ffb0bc472e24cbae1464ad283acf267143e104d05767bd0bc284c8,Databook: накопленные данные; редакция DB
nii,9M2024,241.5,RUB bn,IFRS,primary/t-databook-key-financial-ratios_pub2026-09-09.xlsx,PL!AS48,11386cbbb9ffb0bc472e24cbae1464ad283acf267143e104d05767bd0bc284c8,Databook: накопленные данные; редакция DB
nii,9M2025,359.1,RUB bn,IFRS,primary/t-databook-key-financial-ratios_pub2026-09-09.xlsx,PL!AW48,11386cbbb9ffb0bc472e24cbae1464ad283acf267143e104d05767bd0bc284c8,Databook: накопленные данные; редакция DB
nii,FY2019,87.926,RUB bn,IFRS (старый формат),primary/t-databook-key-financial-ratios_pub2026-09-09.xlsx,PL!Z48,11386cbbb9ffb0bc472e24cbae1464ad283acf267143e104d05767bd0bc284c8,Databook: строка нового формата заполнена эмитентом числом старого формата; с 2024 г. несопоставимо; редакция DB
nii,FY2020,104.702,RUB bn,IFRS (старый формат),primary/t-databook-key-financial-ratios_pub2026-09-09.xlsx,PL!AD48,11386cbbb9ffb0bc472e24cbae1464ad283acf267143e104d05767bd0bc284c8,Databook: строка нового формата заполнена эмитентом числом старого формата; с 2024 г. несопоставимо; редакция DB
nii,FY2021,132.558,RUB bn,IFRS (старый формат),primary/t-databook-key-financial-ratios_pub2026-09-09.xlsx,PL!AH48,11386cbbb9ffb0bc472e24cbae1464ad283acf267143e104d05767bd0bc284c8,Databook: строка нового формата заполнена эмитентом числом старого формата; с 2024 г. несопоставимо; редакция DB
nii,FY2022,143.897,RUB bn,IFRS (старый формат),primary/t-databook-key-financial-ratios_pub2026-09-09.xlsx,PL!AL48,11386cbbb9ffb0bc472e24cbae1464ad283acf267143e104d05767bd0bc284c8,Databook: строка нового формата заполнена эмитентом числом старого формата; с 2024 г. несопоставимо; редакция DB
nii,FY2023,230.323,RUB bn,IFRS (старый формат),primary/t-databook-key-financial-ratios_pub2026-09-09.xlsx,PL!AP48,11386cbbb9ffb0bc472e24cbae1464ad283acf267143e104d05767bd0bc284c8,Databook: строка нового формата заполнена эмитентом числом старого формата; с 2024 г. несопоставимо; редакция DB
nii,FY2024,362,RUB bn,IFRS,primary/t-databook-key-financial-ratios_pub2026-09-09.xlsx,PL!AT48,11386cbbb9ffb0bc472e24cbae1464ad283acf267143e104d05767bd0bc284c8,Databook: накопленные данные; редакция DB
nii,FY2025,502.3,RUB bn,IFRS,primary/t-databook-key-financial-ratios_pub2026-09-09.xlsx,PL!AX48,11386cbbb9ffb0bc472e24cbae1464ad283acf267143e104d05767bd0bc284c8,Databook: накопленные данные; редакция DB
np,3M2023,16.233,RUB bn,IFRS,primary/2024Q1_ifrs_fs.pdf,7,b9c027b722c401f9420a49a348aec9b64b1733597c1685d02f5d245c7c2721d9,отчёт о прибылях и убытках и прочем совокупном доходе (старый формат); редакция 3M2024
np,3M2024,22.288,RUB bn,IFRS,primary/2025Q1_ifrs_fs.pdf,6,4d3d0aa57bae2832f70944e59c3814cb9fc3b90b40289ffbbca3cac3ee616a89,отчёт о прибылях и убытках и прочем совокупном доходе (старый формат); редакция 3M2025
np,3M2025,33.461,RUB bn,IFRS,primary/2025Q1_ifrs_fs.pdf,6,4d3d0aa57bae2832f70944e59c3814cb9fc3b90b40289ffbbca3cac3ee616a89,отчёт о прибылях и убытках и прочем совокупном доходе (старый формат); подтверждено редакцией 3M2026: 33.5 (округление)
np,3M2026,35,RUB bn,IFRS,primary/2026Q1_ifrs_fs.pdf,4,6ac85944afbf4e9f2462fc4c17756069904a06f80675cbbef47ded5c5d30d18d,отчёт о прибылях и убытках; новый формат; редакция 3M2026; редакция 3M2026
np,6M2023,36.596,RUB bn,IFRS,primary/2024Q2_ifrs_fs.pdf,7,be54687573adea3084658ab793ea3cfcc6853644c7b2d2ced6baf260d26bb308,отчёт о прибылях и убытках и прочем совокупном доходе (старый формат); редакция 6M2024
np,6M2024,45.738,RUB bn,IFRS,primary/2025Q2_ifrs_fs.pdf,6,3ee9d08203db787516f65bc287cba237dfd600fa270ebbbc092e9765361d0f13,отчёт о прибылях и убытках и прочем совокупном доходе (старый формат); редакция 6M2025
np,6M2025,80.21,RUB bn,IFRS,primary/2025Q2_ifrs_fs.pdf,6,3ee9d08203db787516f65bc287cba237dfd600fa270ebbbc092e9765361d0f13,отчёт о прибылях и убытках и прочем совокупном доходе (старый формат); подтверждено редакцией 6M2026: 80.2 (округление)
np,6M2026,74.5,RUB bn,IFRS,primary/2026Q2_ifrs_fs.pdf,4,fd08eacf4ed7e57c4c2f7bec258218fb030ebfe92415561a839d9d6247f4f5e7,отчёт о прибылях и убытках; новый формат; редакция 6M2026
np,9M2023,60.232,RUB bn,IFRS,primary/2024Q3_ifrs_fs.pdf,7,a3dd5e075a73198ed1aea15d1fe474de7ef2e722d878aa3c5bf5185b9cc99f5c,отчёт о прибылях и убытках и прочем совокупном доходе (старый формат); редакция 9M2024
np,9M2024,83.533,RUB bn,IFRS,primary/2025Q3_ifrs_fs.pdf,6,28fe9a46ebe9f101c572624f0a264e1d5c0a659d441b9abac47fa10643d1a4eb,отчёт о прибылях и убытках и прочем совокупном доходе (старый формат); редакция 9M2025
np,9M2025,120.352,RUB bn,IFRS,primary/2025Q3_ifrs_fs.pdf,6,28fe9a46ebe9f101c572624f0a264e1d5c0a659d441b9abac47fa10643d1a4eb,отчёт о прибылях и убытках и прочем совокупном доходе (старый формат); редакция 9M2025
np,FY2019,36.123,RUB bn,IFRS (старый формат),primary/t-databook-key-financial-ratios_pub2026-09-09.xlsx,PL!Z34,11386cbbb9ffb0bc472e24cbae1464ad283acf267143e104d05767bd0bc284c8,Databook: строка нового формата заполнена эмитентом числом старого формата; с 2024 г. несопоставимо; редакция DB
np,FY2020,44.213,RUB bn,IFRS (старый формат),primary/t-databook-key-financial-ratios_pub2026-09-09.xlsx,PL!AD34,11386cbbb9ffb0bc472e24cbae1464ad283acf267143e104d05767bd0bc284c8,Databook: строка нового формата заполнена эмитентом числом старого формата; с 2024 г. несопоставимо; редакция DB
np,FY2021,63.368,RUB bn,IFRS (старый формат),primary/t-databook-key-financial-ratios_pub2026-09-09.xlsx,PL!AH34,11386cbbb9ffb0bc472e24cbae1464ad283acf267143e104d05767bd0bc284c8,Databook: строка нового формата заполнена эмитентом числом старого формата; с 2024 г. несопоставимо; редакция DB
np,FY2022,20.76,RUB bn,IFRS (старый формат),primary/t-databook-key-financial-ratios_pub2026-09-09.xlsx,PL!AL34,11386cbbb9ffb0bc472e24cbae1464ad283acf267143e104d05767bd0bc284c8,Databook: строка нового формата заполнена эмитентом числом старого формата; с 2024 г. несопоставимо; редакция DB
np,FY2023,80.932,RUB bn,IFRS,primary/FY2024_ifrs_fs.pdf,20,9d301667aa0c60c38440c66e2e785473a57f5c949cdb4b93306e3f3b90780078,отчёт о прибылях и убытках и прочем совокупном доходе (старый формат); редакция FY2024
np,FY2024,122.238,RUB bn,IFRS,primary/FY2025_ifrs_fs.pdf,10,b7f5081af385b43d2ec9ab5d37ea9769464a680fe04a6e814bcb9cf59951009d,отчёт о прибылях и убытках и прочем совокупном доходе (старый формат); редакция FY2025
np,FY2025,192.414,RUB bn,IFRS,primary/FY2025_ifrs_fs.pdf,10,b7f5081af385b43d2ec9ab5d37ea9769464a680fe04a6e814bcb9cf59951009d,отчёт о прибылях и убытках и прочем совокупном доходе (старый формат); редакция FY2025
np_nci,3M2023,0.177,RUB bn,IFRS,primary/2024Q1_ifrs_fs.pdf,7,b9c027b722c401f9420a49a348aec9b64b1733597c1685d02f5d245c7c2721d9,отчёт о прибылях и убытках и прочем совокупном доходе (старый формат); редакция 3M2024
np_nci,3M2024,-0.018,RUB bn,IFRS,primary/2025Q1_ifrs_fs.pdf,6,4d3d0aa57bae2832f70944e59c3814cb9fc3b90b40289ffbbca3cac3ee616a89,отчёт о прибылях и убытках и прочем совокупном доходе (старый формат); редакция 3M2025
np_nci,3M2025,0.169,RUB bn,IFRS,primary/2025Q1_ifrs_fs.pdf,6,4d3d0aa57bae2832f70944e59c3814cb9fc3b90b40289ffbbca3cac3ee616a89,отчёт о прибылях и убытках и прочем совокупном доходе (старый формат); подтверждено редакцией 3M2026: 0.2 (округление)
np_nci,3M2026,-3.8,RUB bn,IFRS,primary/2026Q1_ifrs_fs.pdf,5,6ac85944afbf4e9f2462fc4c17756069904a06f80675cbbef47ded5c5d30d18d,отчёт о совокупном доходе; редакция 3M2026
np_nci,6M2023,0.178,RUB bn,IFRS,primary/2024Q2_ifrs_fs.pdf,7,be54687573adea3084658ab793ea3cfcc6853644c7b2d2ced6baf260d26bb308,отчёт о прибылях и убытках и прочем совокупном доходе (старый формат); редакция 6M2024
np_nci,6M2024,-0.004,RUB bn,IFRS,primary/2025Q2_ifrs_fs.pdf,6,3ee9d08203db787516f65bc287cba237dfd600fa270ebbbc092e9765361d0f13,отчёт о прибылях и убытках и прочем совокупном доходе (старый формат); редакция 6M2025
np_nci,6M2025,4.463,RUB bn,IFRS,primary/2025Q2_ifrs_fs.pdf,6,3ee9d08203db787516f65bc287cba237dfd600fa270ebbbc092e9765361d0f13,отчёт о прибылях и убытках и прочем совокупном доходе (старый формат); подтверждено редакцией 6M2026: 4.5 (округление)
np_nci,6M2026,-8.6,RUB bn,IFRS,primary/2026Q2_ifrs_fs.pdf,5,fd08eacf4ed7e57c4c2f7bec258218fb030ebfe92415561a839d9d6247f4f5e7,отчёт о совокупном доходе; редакция 6M2026
np_nci,9M2023,0.212,RUB bn,IFRS,primary/2024Q3_ifrs_fs.pdf,7,a3dd5e075a73198ed1aea15d1fe474de7ef2e722d878aa3c5bf5185b9cc99f5c,отчёт о прибылях и убытках и прочем совокупном доходе (старый формат); редакция 9M2024
np_nci,9M2024,-0.344,RUB bn,IFRS,primary/2025Q3_ifrs_fs.pdf,6,28fe9a46ebe9f101c572624f0a264e1d5c0a659d441b9abac47fa10643d1a4eb,отчёт о прибылях и убытках и прочем совокупном доходе (старый формат); редакция 9M2025
np_nci,9M2025,4.492,RUB bn,IFRS,primary/2025Q3_ifrs_fs.pdf,6,28fe9a46ebe9f101c572624f0a264e1d5c0a659d441b9abac47fa10643d1a4eb,отчёт о прибылях и убытках и прочем совокупном доходе (старый формат); редакция 9M2025
np_nci,FY2019,0.001,RUB bn,IFRS (старый формат),primary/t-databook-key-financial-ratios_pub2026-09-09.xlsx,PL!Z35,11386cbbb9ffb0bc472e24cbae1464ad283acf267143e104d05767bd0bc284c8,Databook: строка нового формата заполнена эмитентом числом старого формата; с 2024 г. несопоставимо; редакция DB
np_nci,FY2020,0.004,RUB bn,IFRS (старый формат),primary/t-databook-key-financial-ratios_pub2026-09-09.xlsx,PL!AD35,11386cbbb9ffb0bc472e24cbae1464ad283acf267143e104d05767bd0bc284c8,Databook: строка нового формата заполнена эмитентом числом старого формата; с 2024 г. несопоставимо; редакция DB
np_nci,FY2021,-0.103,RUB bn,IFRS (старый формат),primary/t-databook-key-financial-ratios_pub2026-09-09.xlsx,PL!AH35,11386cbbb9ffb0bc472e24cbae1464ad283acf267143e104d05767bd0bc284c8,Databook: строка нового формата заполнена эмитентом числом старого формата; с 2024 г. несопоставимо; редакция DB
np_nci,FY2022,-0.222,RUB bn,IFRS (старый формат),primary/t-databook-key-financial-ratios_pub2026-09-09.xlsx,PL!AL35,11386cbbb9ffb0bc472e24cbae1464ad283acf267143e104d05767bd0bc284c8,Databook: строка нового формата заполнена эмитентом числом старого формата; с 2024 г. несопоставимо; редакция DB
np_nci,FY2023,0.442,RUB bn,IFRS,primary/FY2024_ifrs_fs.pdf,20,9d301667aa0c60c38440c66e2e785473a57f5c949cdb4b93306e3f3b90780078,отчёт о прибылях и убытках и прочем совокупном доходе (старый формат); редакция FY2024
np_nci,FY2024,-0.159,RUB bn,IFRS,primary/FY2025_ifrs_fs.pdf,10,b7f5081af385b43d2ec9ab5d37ea9769464a680fe04a6e814bcb9cf59951009d,отчёт о прибылях и убытках и прочем совокупном доходе (старый формат); редакция FY2025
np_nci,FY2025,15.396,RUB bn,IFRS,primary/FY2025_ifrs_fs.pdf,10,b7f5081af385b43d2ec9ab5d37ea9769464a680fe04a6e814bcb9cf59951009d,отчёт о прибылях и убытках и прочем совокупном доходе (старый формат); редакция FY2025
np_shareholders,3M2023,16.056,RUB bn,IFRS,primary/2024Q1_ifrs_fs.pdf,7,b9c027b722c401f9420a49a348aec9b64b1733597c1685d02f5d245c7c2721d9,отчёт о прибылях и убытках и прочем совокупном доходе (старый формат); редакция 3M2024
np_shareholders,3M2024,22.306,RUB bn,IFRS,primary/2025Q1_ifrs_fs.pdf,6,4d3d0aa57bae2832f70944e59c3814cb9fc3b90b40289ffbbca3cac3ee616a89,отчёт о прибылях и убытках и прочем совокупном доходе (старый формат); редакция 3M2025
np_shareholders,3M2025,33.292,RUB bn,IFRS,primary/2025Q1_ifrs_fs.pdf,6,4d3d0aa57bae2832f70944e59c3814cb9fc3b90b40289ffbbca3cac3ee616a89,отчёт о прибылях и убытках и прочем совокупном доходе (старый формат); подтверждено редакцией 3M2026: 33.3 (округление)
np_shareholders,3M2026,38.8,RUB bn,IFRS,primary/2026Q1_ifrs_fs.pdf,5,6ac85944afbf4e9f2462fc4c17756069904a06f80675cbbef47ded5c5d30d18d,отчёт о совокупном доходе; редакция 3M2026
np_shareholders,6M2023,36.418,RUB bn,IFRS,primary/2024Q2_ifrs_fs.pdf,7,be54687573adea3084658ab793ea3cfcc6853644c7b2d2ced6baf260d26bb308,отчёт о прибылях и убытках и прочем совокупном доходе (старый формат); редакция 6M2024
np_shareholders,6M2024,45.742,RUB bn,IFRS,primary/2025Q2_ifrs_fs.pdf,6,3ee9d08203db787516f65bc287cba237dfd600fa270ebbbc092e9765361d0f13,отчёт о прибылях и убытках и прочем совокупном доходе (старый формат); редакция 6M2025
np_shareholders,6M2025,75.747,RUB bn,IFRS,primary/2025Q2_ifrs_fs.pdf,6,3ee9d08203db787516f65bc287cba237dfd600fa270ebbbc092e9765361d0f13,отчёт о прибылях и убытках и прочем совокупном доходе (старый формат); подтверждено редакцией 6M2026: 75.7 (округление)
np_shareholders,6M2026,83.1,RUB bn,IFRS,primary/2026Q2_ifrs_fs.pdf,5,fd08eacf4ed7e57c4c2f7bec258218fb030ebfe92415561a839d9d6247f4f5e7,отчёт о совокупном доходе; редакция 6M2026
np_shareholders,9M2023,60.02,RUB bn,IFRS,primary/2024Q3_ifrs_fs.pdf,7,a3dd5e075a73198ed1aea15d1fe474de7ef2e722d878aa3c5bf5185b9cc99f5c,отчёт о прибылях и убытках и прочем совокупном доходе (старый формат); редакция 9M2024
np_shareholders,9M2024,83.877,RUB bn,IFRS,primary/2025Q3_ifrs_fs.pdf,6,28fe9a46ebe9f101c572624f0a264e1d5c0a659d441b9abac47fa10643d1a4eb,отчёт о прибылях и убытках и прочем совокупном доходе (старый формат); редакция 9M2025
np_shareholders,9M2025,115.86,RUB bn,IFRS,primary/2025Q3_ifrs_fs.pdf,6,28fe9a46ebe9f101c572624f0a264e1d5c0a659d441b9abac47fa10643d1a4eb,отчёт о прибылях и убытках и прочем совокупном доходе (старый формат); редакция 9M2025
np_shareholders,FY2019,36.122,RUB bn,IFRS (старый формат),primary/t-databook-key-financial-ratios_pub2026-09-09.xlsx,PL!Z36,11386cbbb9ffb0bc472e24cbae1464ad283acf267143e104d05767bd0bc284c8,Databook: строка нового формата заполнена эмитентом числом старого формата; с 2024 г. несопоставимо; редакция DB
np_shareholders,FY2020,44.209,RUB bn,IFRS (старый формат),primary/t-databook-key-financial-ratios_pub2026-09-09.xlsx,PL!AD36,11386cbbb9ffb0bc472e24cbae1464ad283acf267143e104d05767bd0bc284c8,Databook: строка нового формата заполнена эмитентом числом старого формата; с 2024 г. несопоставимо; редакция DB
np_shareholders,FY2021,63.471,RUB bn,IFRS (старый формат),primary/t-databook-key-financial-ratios_pub2026-09-09.xlsx,PL!AH36,11386cbbb9ffb0bc472e24cbae1464ad283acf267143e104d05767bd0bc284c8,Databook: строка нового формата заполнена эмитентом числом старого формата; с 2024 г. несопоставимо; редакция DB
np_shareholders,FY2022,20.982,RUB bn,IFRS (старый формат),primary/t-databook-key-financial-ratios_pub2026-09-09.xlsx,PL!AL36,11386cbbb9ffb0bc472e24cbae1464ad283acf267143e104d05767bd0bc284c8,Databook: строка нового формата заполнена эмитентом числом старого формата; с 2024 г. несопоставимо; редакция DB
np_shareholders,FY2023,80.49,RUB bn,IFRS,primary/FY2024_ifrs_fs.pdf,20,9d301667aa0c60c38440c66e2e785473a57f5c949cdb4b93306e3f3b90780078,отчёт о прибылях и убытках и прочем совокупном доходе (старый формат); редакция FY2024
np_shareholders,FY2024,122.397,RUB bn,IFRS,primary/FY2025_ifrs_fs.pdf,10,b7f5081af385b43d2ec9ab5d37ea9769464a680fe04a6e814bcb9cf59951009d,отчёт о прибылях и убытках и прочем совокупном доходе (старый формат); редакция FY2025
np_shareholders,FY2025,177.018,RUB bn,IFRS,primary/FY2025_ifrs_fs.pdf,10,b7f5081af385b43d2ec9ab5d37ea9769464a680fe04a6e814bcb9cf59951009d,отчёт о прибылях и убытках и прочем совокупном доходе (старый формат); редакция FY2025
op_np,3M2024,22.306,RUB bn,issuer-defined (ROE_operating),primary/t-databook-key-financial-ratios_pub2026-09-09.xlsx,PL!AQ37,11386cbbb9ffb0bc472e24cbae1464ad283acf267143e104d05767bd0bc284c8,Databook: накопленные данные; редакция DB
op_np,3M2025,33.292,RUB bn,issuer-defined (ROE_operating),primary/t-databook-key-financial-ratios_pub2026-09-09.xlsx,PL!AU37,11386cbbb9ffb0bc472e24cbae1464ad283acf267143e104d05767bd0bc284c8,Databook: накопленные данные; редакция DB
op_np,3M2026,46.534319,RUB bn,issuer-defined (ROE_operating),primary/t-databook-key-financial-ratios_pub2026-09-09.xlsx,PL!AY37,11386cbbb9ffb0bc472e24cbae1464ad283acf267143e104d05767bd0bc284c8,Databook: накопленные данные; редакция DB
op_np,6M2024,45.742,RUB bn,issuer-defined (ROE_operating),primary/t-databook-key-financial-ratios_pub2026-09-09.xlsx,PL!AR37,11386cbbb9ffb0bc472e24cbae1464ad283acf267143e104d05767bd0bc284c8,Databook: накопленные данные; редакция DB
op_np,6M2025,74.882975,RUB bn,issuer-defined (ROE_operating),primary/t-databook-key-financial-ratios_pub2026-09-09.xlsx,PL!AV37,11386cbbb9ffb0bc472e24cbae1464ad283acf267143e104d05767bd0bc284c8,Databook: накопленные данные; редакция DB
op_np,6M2026,98.589488,RUB bn,issuer-defined (ROE_operating),primary/t-databook-key-financial-ratios_pub2026-09-09.xlsx,PL!AZ37,11386cbbb9ffb0bc472e24cbae1464ad283acf267143e104d05767bd0bc284c8,Databook: накопленные данные; редакция DB
op_np,9M2024,83.877,RUB bn,issuer-defined (ROE_operating),primary/t-databook-key-financial-ratios_pub2026-09-09.xlsx,PL!AS37,11386cbbb9ffb0bc472e24cbae1464ad283acf267143e104d05767bd0bc284c8,Databook: накопленные данные; редакция DB
op_np,9M2025,120.076494,RUB bn,issuer-defined (ROE_operating),primary/t-databook-key-financial-ratios_pub2026-09-09.xlsx,PL!AW37,11386cbbb9ffb0bc472e24cbae1464ad283acf267143e104d05767bd0bc284c8,Databook: накопленные данные; редакция DB
op_np,FY2024,122.397,RUB bn,issuer-defined (ROE_operating),primary/t-databook-key-financial-ratios_pub2026-09-09.xlsx,PL!AT37,11386cbbb9ffb0bc472e24cbae1464ad283acf267143e104d05767bd0bc284c8,Databook: накопленные данные; редакция DB
op_np,FY2025,174.432988,RUB bn,issuer-defined (ROE_operating),primary/t-databook-key-financial-ratios_pub2026-09-09.xlsx,PL!AX37,11386cbbb9ffb0bc472e24cbae1464ad283acf267143e104d05767bd0bc284c8,Databook: накопленные данные; редакция DB
opex_admin,3M2024,-6.8,RUB bn,IFRS,primary/t-databook-key-financial-ratios_pub2026-09-09.xlsx,PL!AQ25,11386cbbb9ffb0bc472e24cbae1464ad283acf267143e104d05767bd0bc284c8,Databook: накопленные данные; редакция DB
opex_admin,3M2025,-15.4,RUB bn,IFRS,primary/2026Q1_ifrs_fs.pdf,4,6ac85944afbf4e9f2462fc4c17756069904a06f80675cbbef47ded5c5d30d18d,отчёт о прибылях и убытках; новый формат; редакция 3M2026; редакция 3M2026
opex_admin,3M2026,-19.8,RUB bn,IFRS,primary/2026Q1_ifrs_fs.pdf,4,6ac85944afbf4e9f2462fc4c17756069904a06f80675cbbef47ded5c5d30d18d,отчёт о прибылях и убытках; новый формат; редакция 3M2026; редакция 3M2026; ранее: -21.3 (DB)
opex_admin,6M2024,-15.3,RUB bn,IFRS,primary/t-databook-key-financial-ratios_pub2026-09-09.xlsx,PL!AR25,11386cbbb9ffb0bc472e24cbae1464ad283acf267143e104d05767bd0bc284c8,Databook: накопленные данные; редакция DB
opex_admin,6M2025,-30.7,RUB bn,IFRS,primary/2026Q2_ifrs_fs.pdf,4,fd08eacf4ed7e57c4c2f7bec258218fb030ebfe92415561a839d9d6247f4f5e7,отчёт о прибылях и убытках; новый формат; редакция 6M2026
opex_admin,6M2026,-43.5,RUB bn,IFRS,primary/2026Q2_ifrs_fs.pdf,4,fd08eacf4ed7e57c4c2f7bec258218fb030ebfe92415561a839d9d6247f4f5e7,отчёт о прибылях и убытках; новый формат; редакция 6M2026
opex_admin,9M2024,-31.2,RUB bn,IFRS,primary/t-databook-key-financial-ratios_pub2026-09-09.xlsx,PL!AS25,11386cbbb9ffb0bc472e24cbae1464ad283acf267143e104d05767bd0bc284c8,Databook: накопленные данные; редакция DB
opex_admin,9M2025,-48.4,RUB bn,IFRS,primary/t-databook-key-financial-ratios_pub2026-09-09.xlsx,PL!AW25,11386cbbb9ffb0bc472e24cbae1464ad283acf267143e104d05767bd0bc284c8,Databook: накопленные данные; редакция DB
opex_admin,FY2019,-27.377,RUB bn,IFRS (старый формат),primary/t-databook-key-financial-ratios_pub2026-09-09.xlsx,PL!Z25,11386cbbb9ffb0bc472e24cbae1464ad283acf267143e104d05767bd0bc284c8,Databook: строка нового формата заполнена эмитентом числом старого формата; с 2024 г. несопоставимо; редакция DB
opex_admin,FY2020,-35.005049,RUB bn,IFRS (старый формат),primary/t-databook-key-financial-ratios_pub2026-09-09.xlsx,PL!AD25,11386cbbb9ffb0bc472e24cbae1464ad283acf267143e104d05767bd0bc284c8,Databook: строка нового формата заполнена эмитентом числом старого формата; с 2024 г. несопоставимо; редакция DB
opex_admin,FY2021,-59.46,RUB bn,IFRS (старый формат),primary/t-databook-key-financial-ratios_pub2026-09-09.xlsx,PL!AH25,11386cbbb9ffb0bc472e24cbae1464ad283acf267143e104d05767bd0bc284c8,Databook: строка нового формата заполнена эмитентом числом старого формата; с 2024 г. несопоставимо; редакция DB
opex_admin,FY2022,-93.717,RUB bn,IFRS (старый формат),primary/t-databook-key-financial-ratios_pub2026-09-09.xlsx,PL!AL25,11386cbbb9ffb0bc472e24cbae1464ad283acf267143e104d05767bd0bc284c8,Databook: строка нового формата заполнена эмитентом числом старого формата; с 2024 г. несопоставимо; редакция DB
opex_admin,FY2023,-122.854,RUB bn,IFRS (старый формат),primary/t-databook-key-financial-ratios_pub2026-09-09.xlsx,PL!AP25,11386cbbb9ffb0bc472e24cbae1464ad283acf267143e104d05767bd0bc284c8,Databook: строка нового формата заполнена эмитентом числом старого формата; с 2024 г. несопоставимо; редакция DB
opex_admin,FY2024,-53.1,RUB bn,IFRS,primary/t-databook-key-financial-ratios_pub2026-09-09.xlsx,PL!AT25,11386cbbb9ffb0bc472e24cbae1464ad283acf267143e104d05767bd0bc284c8,Databook: накопленные данные; редакция DB
opex_admin,FY2025,-66.9,RUB bn,IFRS,primary/t-databook-key-financial-ratios_pub2026-09-09.xlsx,PL!AX25,11386cbbb9ffb0bc472e24cbae1464ad283acf267143e104d05767bd0bc284c8,Databook: накопленные данные; редакция DB
opex_marketing,3M2024,-25,RUB bn,IFRS,primary/t-databook-key-financial-ratios_pub2026-09-09.xlsx,PL!AQ23,11386cbbb9ffb0bc472e24cbae1464ad283acf267143e104d05767bd0bc284c8,Databook: накопленные данные; редакция DB
opex_marketing,3M2025,-24.2,RUB bn,IFRS,primary/2026Q1_ifrs_fs.pdf,4,6ac85944afbf4e9f2462fc4c17756069904a06f80675cbbef47ded5c5d30d18d,отчёт о прибылях и убытках; новый формат; редакция 3M2026; редакция 3M2026; ранее: -21.5 (DB)
opex_marketing,3M2026,-30.4,RUB bn,IFRS,primary/2026Q1_ifrs_fs.pdf,4,6ac85944afbf4e9f2462fc4c17756069904a06f80675cbbef47ded5c5d30d18d,отчёт о прибылях и убытках; новый формат; редакция 3M2026; редакция 3M2026; ранее: -28.5 (DB)
opex_marketing,6M2024,-49.9,RUB bn,IFRS,primary/t-databook-key-financial-ratios_pub2026-09-09.xlsx,PL!AR23,11386cbbb9ffb0bc472e24cbae1464ad283acf267143e104d05767bd0bc284c8,Databook: накопленные данные; редакция DB
opex_marketing,6M2025,-49,RUB bn,IFRS,primary/2026Q2_ifrs_fs.pdf,4,fd08eacf4ed7e57c4c2f7bec258218fb030ebfe92415561a839d9d6247f4f5e7,отчёт о прибылях и убытках; новый формат; редакция 6M2026
opex_marketing,6M2026,-63.2,RUB bn,IFRS,primary/2026Q2_ifrs_fs.pdf,4,fd08eacf4ed7e57c4c2f7bec258218fb030ebfe92415561a839d9d6247f4f5e7,отчёт о прибылях и убытках; новый формат; редакция 6M2026
opex_marketing,9M2024,-75,RUB bn,IFRS,primary/t-databook-key-financial-ratios_pub2026-09-09.xlsx,PL!AS23,11386cbbb9ffb0bc472e24cbae1464ad283acf267143e104d05767bd0bc284c8,Databook: накопленные данные; редакция DB
opex_marketing,9M2025,-76.3,RUB bn,IFRS,primary/t-databook-key-financial-ratios_pub2026-09-09.xlsx,PL!AW23,11386cbbb9ffb0bc472e24cbae1464ad283acf267143e104d05767bd0bc284c8,Databook: накопленные данные; редакция DB
opex_marketing,FY2019,-18.177,RUB bn,IFRS (старый формат),primary/t-databook-key-financial-ratios_pub2026-09-09.xlsx,PL!Z23,11386cbbb9ffb0bc472e24cbae1464ad283acf267143e104d05767bd0bc284c8,Databook: строка нового формата заполнена эмитентом числом старого формата; с 2024 г. несопоставимо; редакция DB
opex_marketing,FY2020,-22.588,RUB bn,IFRS (старый формат),primary/t-databook-key-financial-ratios_pub2026-09-09.xlsx,PL!AD23,11386cbbb9ffb0bc472e24cbae1464ad283acf267143e104d05767bd0bc284c8,Databook: строка нового формата заполнена эмитентом числом старого формата; с 2024 г. несопоставимо; редакция DB
opex_marketing,FY2021,-43.442,RUB bn,IFRS (старый формат),primary/t-databook-key-financial-ratios_pub2026-09-09.xlsx,PL!AH23,11386cbbb9ffb0bc472e24cbae1464ad283acf267143e104d05767bd0bc284c8,Databook: строка нового формата заполнена эмитентом числом старого формата; с 2024 г. несопоставимо; редакция DB
opex_marketing,FY2022,-41.712,RUB bn,IFRS (старый формат),primary/t-databook-key-financial-ratios_pub2026-09-09.xlsx,PL!AL23,11386cbbb9ffb0bc472e24cbae1464ad283acf267143e104d05767bd0bc284c8,Databook: строка нового формата заполнена эмитентом числом старого формата; с 2024 г. несопоставимо; редакция DB
opex_marketing,FY2023,-70.445,RUB bn,IFRS (старый формат),primary/t-databook-key-financial-ratios_pub2026-09-09.xlsx,PL!AP23,11386cbbb9ffb0bc472e24cbae1464ad283acf267143e104d05767bd0bc284c8,Databook: строка нового формата заполнена эмитентом числом старого формата; с 2024 г. несопоставимо; редакция DB
opex_marketing,FY2024,-104,RUB bn,IFRS,primary/t-databook-key-financial-ratios_pub2026-09-09.xlsx,PL!AT23,11386cbbb9ffb0bc472e24cbae1464ad283acf267143e104d05767bd0bc284c8,Databook: накопленные данные; редакция DB
opex_marketing,FY2025,-108.4,RUB bn,IFRS,primary/t-databook-key-financial-ratios_pub2026-09-09.xlsx,PL!AX23,11386cbbb9ffb0bc472e24cbae1464ad283acf267143e104d05767bd0bc284c8,Databook: накопленные данные; редакция DB
opex_servicing,3M2024,-14.6,RUB bn,IFRS,primary/t-databook-key-financial-ratios_pub2026-09-09.xlsx,PL!AQ24,11386cbbb9ffb0bc472e24cbae1464ad283acf267143e104d05767bd0bc284c8,Databook: накопленные данные; редакция DB
opex_servicing,3M2025,-17.4,RUB bn,IFRS,primary/2026Q1_ifrs_fs.pdf,4,6ac85944afbf4e9f2462fc4c17756069904a06f80675cbbef47ded5c5d30d18d,отчёт о прибылях и убытках; новый формат; редакция 3M2026; редакция 3M2026; ранее: -20.1 (DB)
opex_servicing,3M2026,-21.8,RUB bn,IFRS,primary/2026Q1_ifrs_fs.pdf,4,6ac85944afbf4e9f2462fc4c17756069904a06f80675cbbef47ded5c5d30d18d,отчёт о прибылях и убытках; новый формат; редакция 3M2026; редакция 3M2026; ранее: -23.1 (DB)
opex_servicing,6M2024,-30.3,RUB bn,IFRS,primary/t-databook-key-financial-ratios_pub2026-09-09.xlsx,PL!AR24,11386cbbb9ffb0bc472e24cbae1464ad283acf267143e104d05767bd0bc284c8,Databook: накопленные данные; редакция DB
opex_servicing,6M2025,-40.8,RUB bn,IFRS,primary/2026Q2_ifrs_fs.pdf,4,fd08eacf4ed7e57c4c2f7bec258218fb030ebfe92415561a839d9d6247f4f5e7,отчёт о прибылях и убытках; новый формат; редакция 6M2026
opex_servicing,6M2026,-46.9,RUB bn,IFRS,primary/2026Q2_ifrs_fs.pdf,4,fd08eacf4ed7e57c4c2f7bec258218fb030ebfe92415561a839d9d6247f4f5e7,отчёт о прибылях и убытках; новый формат; редакция 6M2026
opex_servicing,9M2024,-50.1,RUB bn,IFRS,primary/t-databook-key-financial-ratios_pub2026-09-09.xlsx,PL!AS24,11386cbbb9ffb0bc472e24cbae1464ad283acf267143e104d05767bd0bc284c8,Databook: накопленные данные; редакция DB
opex_servicing,9M2025,-63.8,RUB bn,IFRS,primary/t-databook-key-financial-ratios_pub2026-09-09.xlsx,PL!AW24,11386cbbb9ffb0bc472e24cbae1464ad283acf267143e104d05767bd0bc284c8,Databook: накопленные данные; редакция DB
opex_servicing,FY2024,-71,RUB bn,IFRS,primary/t-databook-key-financial-ratios_pub2026-09-09.xlsx,PL!AT24,11386cbbb9ffb0bc472e24cbae1464ad283acf267143e104d05767bd0bc284c8,Databook: накопленные данные; редакция DB
opex_servicing,FY2025,-86.6,RUB bn,IFRS,primary/t-databook-key-financial-ratios_pub2026-09-09.xlsx,PL!AX24,11386cbbb9ffb0bc472e24cbae1464ad283acf267143e104d05767bd0bc284c8,Databook: накопленные данные; редакция DB
opex_tech,3M2024,-10.1,RUB bn,IFRS,primary/t-databook-key-financial-ratios_pub2026-09-09.xlsx,PL!AQ22,11386cbbb9ffb0bc472e24cbae1464ad283acf267143e104d05767bd0bc284c8,Databook: накопленные данные; редакция DB
opex_tech,3M2025,-24.9,RUB bn,IFRS,primary/2026Q1_ifrs_fs.pdf,4,6ac85944afbf4e9f2462fc4c17756069904a06f80675cbbef47ded5c5d30d18d,отчёт о прибылях и убытках; новый формат; редакция 3M2026; редакция 3M2026
opex_tech,3M2026,-27.9,RUB bn,IFRS,primary/2026Q1_ifrs_fs.pdf,4,6ac85944afbf4e9f2462fc4c17756069904a06f80675cbbef47ded5c5d30d18d,отчёт о прибылях и убытках; новый формат; редакция 3M2026; редакция 3M2026; ранее: -26.9 (DB)
opex_tech,6M2024,-21.8,RUB bn,IFRS,primary/t-databook-key-financial-ratios_pub2026-09-09.xlsx,PL!AR22,11386cbbb9ffb0bc472e24cbae1464ad283acf267143e104d05767bd0bc284c8,Databook: накопленные данные; редакция DB
opex_tech,6M2025,-50.3,RUB bn,IFRS,primary/2026Q2_ifrs_fs.pdf,4,fd08eacf4ed7e57c4c2f7bec258218fb030ebfe92415561a839d9d6247f4f5e7,отчёт о прибылях и убытках; новый формат; редакция 6M2026
opex_tech,6M2026,-55.4,RUB bn,IFRS,primary/2026Q2_ifrs_fs.pdf,4,fd08eacf4ed7e57c4c2f7bec258218fb030ebfe92415561a839d9d6247f4f5e7,отчёт о прибылях и убытках; новый формат; редакция 6M2026
opex_tech,9M2024,-37.3,RUB bn,IFRS,primary/t-databook-key-financial-ratios_pub2026-09-09.xlsx,PL!AS22,11386cbbb9ffb0bc472e24cbae1464ad283acf267143e104d05767bd0bc284c8,Databook: накопленные данные; редакция DB
opex_tech,9M2025,-74.5,RUB bn,IFRS,primary/t-databook-key-financial-ratios_pub2026-09-09.xlsx,PL!AW22,11386cbbb9ffb0bc472e24cbae1464ad283acf267143e104d05767bd0bc284c8,Databook: накопленные данные; редакция DB
opex_tech,FY2024,-56.1,RUB bn,IFRS,primary/t-databook-key-financial-ratios_pub2026-09-09.xlsx,PL!AT22,11386cbbb9ffb0bc472e24cbae1464ad283acf267143e104d05767bd0bc284c8,Databook: накопленные данные; редакция DB
opex_tech,FY2025,-100.7,RUB bn,IFRS,primary/t-databook-key-financial-ratios_pub2026-09-09.xlsx,PL!AX22,11386cbbb9ffb0bc472e24cbae1464ad283acf267143e104d05767bd0bc284c8,Databook: накопленные данные; редакция DB
other_income,3M2024,1.8,RUB bn,IFRS,primary/t-databook-key-financial-ratios_pub2026-09-09.xlsx,PL!AQ31,11386cbbb9ffb0bc472e24cbae1464ad283acf267143e104d05767bd0bc284c8,Databook: накопленные данные; редакция DB
other_income,3M2025,2.6,RUB bn,IFRS,primary/2026Q1_ifrs_fs.pdf,4,6ac85944afbf4e9f2462fc4c17756069904a06f80675cbbef47ded5c5d30d18d,отчёт о прибылях и убытках; новый формат; редакция 3M2026; редакция 3M2026
other_income,3M2026,0.9,RUB bn,IFRS,primary/2026Q1_ifrs_fs.pdf,4,6ac85944afbf4e9f2462fc4c17756069904a06f80675cbbef47ded5c5d30d18d,отчёт о прибылях и убытках; новый формат; редакция 3M2026; редакция 3M2026
other_income,6M2024,2.2,RUB bn,IFRS,primary/t-databook-key-financial-ratios_pub2026-09-09.xlsx,PL!AR31,11386cbbb9ffb0bc472e24cbae1464ad283acf267143e104d05767bd0bc284c8,Databook: накопленные данные; редакция DB
other_income,6M2025,13.3,RUB bn,IFRS,primary/2026Q2_ifrs_fs.pdf,4,fd08eacf4ed7e57c4c2f7bec258218fb030ebfe92415561a839d9d6247f4f5e7,отчёт о прибылях и убытках; новый формат; редакция 6M2026
other_income,6M2026,3,RUB bn,IFRS,primary/2026Q2_ifrs_fs.pdf,4,fd08eacf4ed7e57c4c2f7bec258218fb030ebfe92415561a839d9d6247f4f5e7,отчёт о прибылях и убытках; новый формат; редакция 6M2026
other_income,9M2024,11.8,RUB bn,IFRS,primary/t-databook-key-financial-ratios_pub2026-09-09.xlsx,PL!AS31,11386cbbb9ffb0bc472e24cbae1464ad283acf267143e104d05767bd0bc284c8,Databook: накопленные данные; редакция DB
other_income,9M2025,17.1,RUB bn,IFRS,primary/t-databook-key-financial-ratios_pub2026-09-09.xlsx,PL!AW31,11386cbbb9ffb0bc472e24cbae1464ad283acf267143e104d05767bd0bc284c8,Databook: накопленные данные; редакция DB
other_income,FY2019,0.721627,RUB bn,IFRS (старый формат),primary/t-databook-key-financial-ratios_pub2026-09-09.xlsx,PL!Z31,11386cbbb9ffb0bc472e24cbae1464ad283acf267143e104d05767bd0bc284c8,Databook: строка нового формата заполнена эмитентом числом старого формата; с 2024 г. несопоставимо; редакция DB
other_income,FY2020,1.445,RUB bn,IFRS (старый формат),primary/t-databook-key-financial-ratios_pub2026-09-09.xlsx,PL!AD31,11386cbbb9ffb0bc472e24cbae1464ad283acf267143e104d05767bd0bc284c8,Databook: строка нового формата заполнена эмитентом числом старого формата; с 2024 г. несопоставимо; редакция DB
other_income,FY2021,0.923,RUB bn,IFRS (старый формат),primary/t-databook-key-financial-ratios_pub2026-09-09.xlsx,PL!AH31,11386cbbb9ffb0bc472e24cbae1464ad283acf267143e104d05767bd0bc284c8,Databook: строка нового формата заполнена эмитентом числом старого формата; с 2024 г. несопоставимо; редакция DB
other_income,FY2022,0.935,RUB bn,IFRS (старый формат),primary/t-databook-key-financial-ratios_pub2026-09-09.xlsx,PL!AL31,11386cbbb9ffb0bc472e24cbae1464ad283acf267143e104d05767bd0bc284c8,Databook: строка нового формата заполнена эмитентом числом старого формата; с 2024 г. несопоставимо; редакция DB
other_income,FY2023,2.744,RUB bn,IFRS (старый формат),primary/t-databook-key-financial-ratios_pub2026-09-09.xlsx,PL!AP31,11386cbbb9ffb0bc472e24cbae1464ad283acf267143e104d05767bd0bc284c8,Databook: строка нового формата заполнена эмитентом числом старого формата; с 2024 г. несопоставимо; редакция DB
other_income,FY2024,19.7,RUB bn,IFRS,primary/t-databook-key-financial-ratios_pub2026-09-09.xlsx,PL!AT31,11386cbbb9ffb0bc472e24cbae1464ad283acf267143e104d05767bd0bc284c8,Databook: накопленные данные; редакция DB
other_income,FY2025,17.6,RUB bn,IFRS,primary/t-databook-key-financial-ratios_pub2026-09-09.xlsx,PL!AX31,11386cbbb9ffb0bc472e24cbae1464ad283acf267143e104d05767bd0bc284c8,Databook: накопленные данные; редакция DB
other_provisions,3M2024,-0.3,RUB bn,IFRS,primary/t-databook-key-financial-ratios_pub2026-09-09.xlsx,PL!AQ30,11386cbbb9ffb0bc472e24cbae1464ad283acf267143e104d05767bd0bc284c8,Databook: накопленные данные; редакция DB
other_provisions,3M2025,0.1,RUB bn,IFRS,primary/2026Q1_ifrs_fs.pdf,4,6ac85944afbf4e9f2462fc4c17756069904a06f80675cbbef47ded5c5d30d18d,отчёт о прибылях и убытках; новый формат; редакция 3M2026; редакция 3M2026
other_provisions,3M2026,-1.1,RUB bn,IFRS,primary/2026Q1_ifrs_fs.pdf,4,6ac85944afbf4e9f2462fc4c17756069904a06f80675cbbef47ded5c5d30d18d,отчёт о прибылях и убытках; новый формат; редакция 3M2026; редакция 3M2026
other_provisions,6M2024,-0.4,RUB bn,IFRS,primary/t-databook-key-financial-ratios_pub2026-09-09.xlsx,PL!AR30,11386cbbb9ffb0bc472e24cbae1464ad283acf267143e104d05767bd0bc284c8,Databook: накопленные данные; редакция DB
other_provisions,6M2025,0.8,RUB bn,IFRS,primary/2026Q2_ifrs_fs.pdf,4,fd08eacf4ed7e57c4c2f7bec258218fb030ebfe92415561a839d9d6247f4f5e7,отчёт о прибылях и убытках; новый формат; редакция 6M2026
other_provisions,6M2026,-2.8,RUB bn,IFRS,primary/2026Q2_ifrs_fs.pdf,4,fd08eacf4ed7e57c4c2f7bec258218fb030ebfe92415561a839d9d6247f4f5e7,отчёт о прибылях и убытках; новый формат; редакция 6M2026
other_provisions,9M2024,-0.5,RUB bn,IFRS,primary/t-databook-key-financial-ratios_pub2026-09-09.xlsx,PL!AS30,11386cbbb9ffb0bc472e24cbae1464ad283acf267143e104d05767bd0bc284c8,Databook: накопленные данные; редакция DB
other_provisions,9M2025,0.8,RUB bn,IFRS,primary/t-databook-key-financial-ratios_pub2026-09-09.xlsx,PL!AW30,11386cbbb9ffb0bc472e24cbae1464ad283acf267143e104d05767bd0bc284c8,Databook: накопленные данные; редакция DB
other_provisions,FY2021,0.011,RUB bn,IFRS (старый формат),primary/t-databook-key-financial-ratios_pub2026-09-09.xlsx,PL!AH30,11386cbbb9ffb0bc472e24cbae1464ad283acf267143e104d05767bd0bc284c8,Databook: строка нового формата заполнена эмитентом числом старого формата; с 2024 г. несопоставимо; редакция DB
other_provisions,FY2022,-6.608,RUB bn,IFRS (старый формат),primary/t-databook-key-financial-ratios_pub2026-09-09.xlsx,PL!AL30,11386cbbb9ffb0bc472e24cbae1464ad283acf267143e104d05767bd0bc284c8,Databook: строка нового формата заполнена эмитентом числом старого формата; с 2024 г. несопоставимо; редакция DB
other_provisions,FY2023,-7.641,RUB bn,IFRS (старый формат),primary/t-databook-key-financial-ratios_pub2026-09-09.xlsx,PL!AP30,11386cbbb9ffb0bc472e24cbae1464ad283acf267143e104d05767bd0bc284c8,Databook: строка нового формата заполнена эмитентом числом старого формата; с 2024 г. несопоставимо; редакция DB
other_provisions,FY2024,-1.8,RUB bn,IFRS,primary/t-databook-key-financial-ratios_pub2026-09-09.xlsx,PL!AT30,11386cbbb9ffb0bc472e24cbae1464ad283acf267143e104d05767bd0bc284c8,Databook: накопленные данные; редакция DB
other_provisions,FY2025,0.5,RUB bn,IFRS,primary/t-databook-key-financial-ratios_pub2026-09-09.xlsx,PL!AX30,11386cbbb9ffb0bc472e24cbae1464ad283acf267143e104d05767bd0bc284c8,Databook: накопленные данные; редакция DB
pbt,3M2023,20.946,RUB bn,IFRS,primary/2024Q1_ifrs_fs.pdf,7,b9c027b722c401f9420a49a348aec9b64b1733597c1685d02f5d245c7c2721d9,отчёт о прибылях и убытках и прочем совокупном доходе (старый формат); редакция 3M2024
pbt,3M2024,28.248,RUB bn,IFRS,primary/2025Q1_ifrs_fs.pdf,6,4d3d0aa57bae2832f70944e59c3814cb9fc3b90b40289ffbbca3cac3ee616a89,отчёт о прибылях и убытках и прочем совокупном доходе (старый формат); редакция 3M2025
pbt,3M2025,44.674,RUB bn,IFRS,primary/2025Q1_ifrs_fs.pdf,6,4d3d0aa57bae2832f70944e59c3814cb9fc3b90b40289ffbbca3cac3ee616a89,отчёт о прибылях и убытках и прочем совокупном доходе (старый формат); подтверждено редакцией 3M2026: 44.7 (округление)
pbt,3M2026,44.5,RUB bn,IFRS,primary/2026Q1_ifrs_fs.pdf,4,6ac85944afbf4e9f2462fc4c17756069904a06f80675cbbef47ded5c5d30d18d,отчёт о прибылях и убытках; новый формат; редакция 3M2026; редакция 3M2026
pbt,6M2023,46.12,RUB bn,IFRS,primary/2024Q2_ifrs_fs.pdf,7,be54687573adea3084658ab793ea3cfcc6853644c7b2d2ced6baf260d26bb308,отчёт о прибылях и убытках и прочем совокупном доходе (старый формат); редакция 6M2024
pbt,6M2024,57.896,RUB bn,IFRS,primary/2025Q2_ifrs_fs.pdf,6,3ee9d08203db787516f65bc287cba237dfd600fa270ebbbc092e9765361d0f13,отчёт о прибылях и убытках и прочем совокупном доходе (старый формат); редакция 6M2025
pbt,6M2025,106.661,RUB bn,IFRS,primary/2025Q2_ifrs_fs.pdf,6,3ee9d08203db787516f65bc287cba237dfd600fa270ebbbc092e9765361d0f13,отчёт о прибылях и убытках и прочем совокупном доходе (старый формат); подтверждено редакцией 6M2026: 106.7 (округление)
pbt,6M2026,97.6,RUB bn,IFRS,primary/2026Q2_ifrs_fs.pdf,4,fd08eacf4ed7e57c4c2f7bec258218fb030ebfe92415561a839d9d6247f4f5e7,отчёт о прибылях и убытках; новый формат; редакция 6M2026
pbt,9M2023,76.038,RUB bn,IFRS,primary/2024Q3_ifrs_fs.pdf,7,a3dd5e075a73198ed1aea15d1fe474de7ef2e722d878aa3c5bf5185b9cc99f5c,отчёт о прибылях и убытках и прочем совокупном доходе (старый формат); редакция 9M2024
pbt,9M2024,104.091,RUB bn,IFRS,primary/2025Q3_ifrs_fs.pdf,6,28fe9a46ebe9f101c572624f0a264e1d5c0a659d441b9abac47fa10643d1a4eb,отчёт о прибылях и убытках и прочем совокупном доходе (старый формат); редакция 9M2025
pbt,9M2025,159.555,RUB bn,IFRS,primary/2025Q3_ifrs_fs.pdf,6,28fe9a46ebe9f101c572624f0a264e1d5c0a659d441b9abac47fa10643d1a4eb,отчёт о прибылях и убытках и прочем совокупном доходе (старый формат); редакция 9M2025
pbt,FY2019,45.536,RUB bn,IFRS (старый формат),primary/t-databook-key-financial-ratios_pub2026-09-09.xlsx,PL!Z32,11386cbbb9ffb0bc472e24cbae1464ad283acf267143e104d05767bd0bc284c8,Databook: строка нового формата заполнена эмитентом числом старого формата; с 2024 г. несопоставимо; редакция DB
pbt,FY2020,56.249,RUB bn,IFRS (старый формат),primary/t-databook-key-financial-ratios_pub2026-09-09.xlsx,PL!AD32,11386cbbb9ffb0bc472e24cbae1464ad283acf267143e104d05767bd0bc284c8,Databook: строка нового формата заполнена эмитентом числом старого формата; с 2024 г. несопоставимо; редакция DB
pbt,FY2021,81.038,RUB bn,IFRS (старый формат),primary/t-databook-key-financial-ratios_pub2026-09-09.xlsx,PL!AH32,11386cbbb9ffb0bc472e24cbae1464ad283acf267143e104d05767bd0bc284c8,Databook: строка нового формата заполнена эмитентом числом старого формата; с 2024 г. несопоставимо; редакция DB
pbt,FY2022,29.77,RUB bn,IFRS (старый формат),primary/t-databook-key-financial-ratios_pub2026-09-09.xlsx,PL!AL32,11386cbbb9ffb0bc472e24cbae1464ad283acf267143e104d05767bd0bc284c8,Databook: строка нового формата заполнена эмитентом числом старого формата; с 2024 г. несопоставимо; редакция DB
pbt,FY2023,103.349,RUB bn,IFRS,primary/FY2024_ifrs_fs.pdf,20,9d301667aa0c60c38440c66e2e785473a57f5c949cdb4b93306e3f3b90780078,отчёт о прибылях и убытках и прочем совокупном доходе (старый формат); редакция FY2024
pbt,FY2024,152.332,RUB bn,IFRS,primary/FY2025_ifrs_fs.pdf,10,b7f5081af385b43d2ec9ab5d37ea9769464a680fe04a6e814bcb9cf59951009d,отчёт о прибылях и убытках и прочем совокупном доходе (старый формат); редакция FY2025
pbt,FY2025,253.43,RUB bn,IFRS,primary/FY2025_ifrs_fs.pdf,10,b7f5081af385b43d2ec9ab5d37ea9769464a680fe04a6e814bcb9cf59951009d,отчёт о прибылях и убытках и прочем совокупном доходе (старый формат); редакция FY2025
sbp_expense_pos,3M2024,0.343218,RUB bn,issuer-defined (ROE_operating),primary/t-databook-key-financial-ratios_pub2026-09-09.xlsx,ROE_operating!C47,11386cbbb9ffb0bc472e24cbae1464ad283acf267143e104d05767bd0bc284c8,"Databook, лист ROE_operating; редакция DB"
sbp_expense_pos,3M2025,5.1,RUB bn,issuer-defined (ROE_operating),primary/t-databook-key-financial-ratios_pub2026-09-09.xlsx,ROE_operating!G47,11386cbbb9ffb0bc472e24cbae1464ad283acf267143e104d05767bd0bc284c8,"Databook, лист ROE_operating; редакция DB"
sbp_expense_pos,3M2026,4.5,RUB bn,issuer-defined (ROE_operating),primary/t-databook-key-financial-ratios_pub2026-09-09.xlsx,ROE_operating!K47,11386cbbb9ffb0bc472e24cbae1464ad283acf267143e104d05767bd0bc284c8,"Databook, лист ROE_operating; редакция DB"
sbp_expense_pos,6M2024,0.686435,RUB bn,issuer-defined (ROE_operating),primary/t-databook-key-financial-ratios_pub2026-09-09.xlsx,ROE_operating!D47,11386cbbb9ffb0bc472e24cbae1464ad283acf267143e104d05767bd0bc284c8,"Databook, лист ROE_operating; редакция DB"
sbp_expense_pos,6M2025,10.3,RUB bn,issuer-defined (ROE_operating),primary/t-databook-key-financial-ratios_pub2026-09-09.xlsx,ROE_operating!H47,11386cbbb9ffb0bc472e24cbae1464ad283acf267143e104d05767bd0bc284c8,"Databook, лист ROE_operating; редакция DB"
sbp_expense_pos,6M2026,10.9,RUB bn,issuer-defined (ROE_operating),primary/t-databook-key-financial-ratios_pub2026-09-09.xlsx,ROE_operating!L47,11386cbbb9ffb0bc472e24cbae1464ad283acf267143e104d05767bd0bc284c8,"Databook, лист ROE_operating; редакция DB"
sbp_expense_pos,9M2024,2.245232,RUB bn,issuer-defined (ROE_operating),primary/t-databook-key-financial-ratios_pub2026-09-09.xlsx,ROE_operating!E47,11386cbbb9ffb0bc472e24cbae1464ad283acf267143e104d05767bd0bc284c8,"Databook, лист ROE_operating; редакция DB"
sbp_expense_pos,9M2025,12.6,RUB bn,issuer-defined (ROE_operating),primary/t-databook-key-financial-ratios_pub2026-09-09.xlsx,ROE_operating!I47,11386cbbb9ffb0bc472e24cbae1464ad283acf267143e104d05767bd0bc284c8,"Databook, лист ROE_operating; редакция DB"
sbp_expense_pos,FY2024,5.8278,RUB bn,issuer-defined (ROE_operating),primary/t-databook-key-financial-ratios_pub2026-09-09.xlsx,ROE_operating!F47,11386cbbb9ffb0bc472e24cbae1464ad283acf267143e104d05767bd0bc284c8,"Databook, лист ROE_operating; редакция DB"
sbp_expense_pos,FY2025,15.8,RUB bn,issuer-defined (ROE_operating),primary/t-databook-key-financial-ratios_pub2026-09-09.xlsx,ROE_operating!J47,11386cbbb9ffb0bc472e24cbae1464ad283acf267143e104d05767bd0bc284c8,"Databook, лист ROE_operating; редакция DB"
securities,2018-12-31,100.14,RUB bn,IFRS (старый формат),primary/t-databook-key-financial-ratios_pub2026-09-09.xlsx,BS!V8,11386cbbb9ffb0bc472e24cbae1464ad283acf267143e104d05767bd0bc284c8,"Databook, лист BS (годы до новой методологии); редакция DB"
securities,2019-12-31,135.178,RUB bn,IFRS (старый формат),primary/t-databook-key-financial-ratios_pub2026-09-09.xlsx,BS!Z8,11386cbbb9ffb0bc472e24cbae1464ad283acf267143e104d05767bd0bc284c8,"Databook, лист BS (годы до новой методологии); редакция DB"
securities,2020-12-31,238.454,RUB bn,IFRS (старый формат),primary/t-databook-key-financial-ratios_pub2026-09-09.xlsx,BS!AD8,11386cbbb9ffb0bc472e24cbae1464ad283acf267143e104d05767bd0bc284c8,"Databook, лист BS (годы до новой методологии); редакция DB"
securities,2021-12-31,215.311,RUB bn,IFRS (старый формат),primary/t-databook-key-financial-ratios_pub2026-09-09.xlsx,BS!AH8,11386cbbb9ffb0bc472e24cbae1464ad283acf267143e104d05767bd0bc284c8,"Databook, лист BS (годы до новой методологии); редакция DB"
securities,2022-12-31,325.802,RUB bn,IFRS (старый формат),primary/t-databook-key-financial-ratios_pub2026-09-09.xlsx,BS!AL8,11386cbbb9ffb0bc472e24cbae1464ad283acf267143e104d05767bd0bc284c8,"Databook, лист BS (годы до новой методологии); редакция DB"
securities,2023-12-31,332.923,RUB bn,IFRS,primary/t-databook-key-financial-ratios_pub2026-09-09.xlsx,BS!AP8,11386cbbb9ffb0bc472e24cbae1464ad283acf267143e104d05767bd0bc284c8,"Databook, лист BS (до новой методологии); редакция DB"
securities,2024-03-31,242.5,RUB bn,IFRS,primary/t-databook-key-financial-ratios_pub2026-09-09.xlsx,BS!AQ8,11386cbbb9ffb0bc472e24cbae1464ad283acf267143e104d05767bd0bc284c8,"Databook, лист BS; редакция DB"
securities,2024-06-30,223,RUB bn,IFRS,primary/t-databook-key-financial-ratios_pub2026-09-09.xlsx,BS!AR8,11386cbbb9ffb0bc472e24cbae1464ad283acf267143e104d05767bd0bc284c8,"Databook, лист BS; редакция DB"
securities,2024-09-30,514.8,RUB bn,IFRS,primary/t-databook-key-financial-ratios_pub2026-09-09.xlsx,BS!AS8,11386cbbb9ffb0bc472e24cbae1464ad283acf267143e104d05767bd0bc284c8,"Databook, лист BS; редакция DB"
securities,2024-12-31,430.323,RUB bn,IFRS,primary/FY2025_ifrs_fs.pdf,8,b7f5081af385b43d2ec9ab5d37ea9769464a680fe04a6e814bcb9cf59951009d,отчёт о финансовом положении (до реклассификаций 2026 г.); подтверждено редакцией DB: 430.3 (округление)
securities,2025-03-31,430.2,RUB bn,IFRS,primary/t-databook-key-financial-ratios_pub2026-09-09.xlsx,BS!AU8,11386cbbb9ffb0bc472e24cbae1464ad283acf267143e104d05767bd0bc284c8,"Databook, лист BS; редакция DB"
securities,2025-06-30,609.724,RUB bn,IFRS,primary/2025Q2_ifrs_fs.pdf,4,3ee9d08203db787516f65bc287cba237dfd600fa270ebbbc092e9765361d0f13,отчёт о финансовом положении (до реклассификаций 2026 г.); подтверждено редакцией DB: 609.7 (округление)
securities,2025-09-30,551.735,RUB bn,IFRS,primary/2025Q3_ifrs_fs.pdf,4,28fe9a46ebe9f101c572624f0a264e1d5c0a659d441b9abac47fa10643d1a4eb,отчёт о финансовом положении (до реклассификаций 2026 г.); подтверждено редакцией DB: 551.7 (округление)
securities,2025-12-31,700.666,RUB bn,IFRS,primary/FY2025_ifrs_fs.pdf,8,b7f5081af385b43d2ec9ab5d37ea9769464a680fe04a6e814bcb9cf59951009d,отчёт о финансовом положении (до реклассификаций 2026 г.); подтверждено редакцией 6M2026: 700.7 (округление)
securities,2026-03-31,831,RUB bn,IFRS,primary/2026Q1_ifrs_fs.pdf,6,6ac85944afbf4e9f2462fc4c17756069904a06f80675cbbef47ded5c5d30d18d,отчёт о финансовом положении; редакция 3M2026
securities,2026-06-30,924.9,RUB bn,IFRS,primary/2026Q2_ifrs_fs.pdf,6,fd08eacf4ed7e57c4c2f7bec258218fb030ebfe92415561a839d9d6247f4f5e7,отчёт о финансовом положении; редакция 6M2026
shares_bought_back_th,3M2024,98174.22,тыс. шт.,IFRS,primary/2025Q1_ifrs_fs.pdf,46,4d3d0aa57bae2832f70944e59c3814cb9fc3b90b40289ffbbca3cac3ee616a89,выкуп собственных акций; исходно в документе 9817422; редакция 3M2025
shares_bought_back_th,3M2025,0,тыс. шт.,IFRS,primary/2025Q1_ifrs_fs.pdf,46,4d3d0aa57bae2832f70944e59c3814cb9fc3b90b40289ffbbca3cac3ee616a89,в таблице движения акций строки нет — движения не было (раскрытый ноль); редакция 3M2025
shares_bought_back_th,3M2026,19000,тыс. шт.,IFRS,primary/2026Q1_ifrs_fs.pdf,59,6ac85944afbf4e9f2462fc4c17756069904a06f80675cbbef47ded5c5d30d18d,выкуп собственных акций; исходно в документе 1900000; редакция 3M2026
shares_bought_back_th,6M2024,118575.03,тыс. шт.,IFRS,primary/2025Q2_ifrs_fs.pdf,68,3ee9d08203db787516f65bc287cba237dfd600fa270ebbbc092e9765361d0f13,выкуп собственных акций; исходно в документе 11857503; редакция 6M2025
shares_bought_back_th,6M2025,0,тыс. шт.,IFRS,primary/2025Q2_ifrs_fs.pdf,68,3ee9d08203db787516f65bc287cba237dfd600fa270ebbbc092e9765361d0f13,в таблице движения акций строки нет — движения не было (раскрытый ноль); редакция 6M2025
shares_bought_back_th,6M2026,24005,тыс. шт.,IFRS,primary/2026Q2_ifrs_fs.pdf,79,fd08eacf4ed7e57c4c2f7bec258218fb030ebfe92415561a839d9d6247f4f5e7,выкуп собственных акций; исходно в документе 24005; редакция 6M2026
shares_bought_back_th,9M2024,118775.03,тыс. шт.,IFRS,primary/2025Q3_ifrs_fs.pdf,74,28fe9a46ebe9f101c572624f0a264e1d5c0a659d441b9abac47fa10643d1a4eb,выкуп собственных акций; исходно в документе 11877503; редакция 9M2025
shares_bought_back_th,9M2025,6440.54,тыс. шт.,IFRS,primary/2025Q3_ifrs_fs.pdf,74,28fe9a46ebe9f101c572624f0a264e1d5c0a659d441b9abac47fa10643d1a4eb,выкуп собственных акций; исходно в документе 644054; редакция 9M2025
shares_bought_back_th,FY2024,118775.03,тыс. шт.,IFRS,primary/FY2025_ifrs_fs.pdf,84,b7f5081af385b43d2ec9ab5d37ea9769464a680fe04a6e814bcb9cf59951009d,выкуп собственных акций; исходно в документе 11877503; редакция FY2025
shares_bought_back_th,FY2025,20534.02,тыс. шт.,IFRS,primary/FY2025_ifrs_fs.pdf,84,b7f5081af385b43d2ec9ab5d37ea9769464a680fe04a6e814bcb9cf59951009d,выкуп собственных акций; исходно в документе 2053402; редакция FY2025
shares_transferred_ltip_th,3M2024,0,тыс. шт.,IFRS,primary/2024Q1_ifrs_fs.pdf,38,b9c027b722c401f9420a49a348aec9b64b1733597c1685d02f5d245c7c2721d9,в таблице движения акций строки нет — движения не было (раскрытый ноль); редакция 3M2024
shares_transferred_ltip_th,3M2025,0,тыс. шт.,IFRS,primary/2025Q1_ifrs_fs.pdf,46,4d3d0aa57bae2832f70944e59c3814cb9fc3b90b40289ffbbca3cac3ee616a89,в таблице движения акций строки нет — движения не было (раскрытый ноль); редакция 3M2025
shares_transferred_ltip_th,3M2026,-12.71,тыс. шт.,IFRS,primary/2026Q1_ifrs_fs.pdf,59,6ac85944afbf4e9f2462fc4c17756069904a06f80675cbbef47ded5c5d30d18d,передано по программе мотивации; исходно в документе -1271; редакция 3M2026
shares_transferred_ltip_th,6M2024,-13320.89,тыс. шт.,IFRS,primary/2025Q2_ifrs_fs.pdf,68,3ee9d08203db787516f65bc287cba237dfd600fa270ebbbc092e9765361d0f13,передано по программе мотивации; исходно в документе -1332089; редакция 6M2025; ранее: -14764.01 (6M2024)
shares_transferred_ltip_th,6M2025,0,тыс. шт.,IFRS,primary/2025Q2_ifrs_fs.pdf,68,3ee9d08203db787516f65bc287cba237dfd600fa270ebbbc092e9765361d0f13,в таблице движения акций строки нет — движения не было (раскрытый ноль); редакция 6M2025
shares_transferred_ltip_th,6M2026,-13,тыс. шт.,IFRS,primary/2026Q2_ifrs_fs.pdf,79,fd08eacf4ed7e57c4c2f7bec258218fb030ebfe92415561a839d9d6247f4f5e7,передано по программе мотивации; исходно в документе -13; редакция 6M2026
shares_transferred_ltip_th,9M2024,-13320.89,тыс. шт.,IFRS,primary/2025Q3_ifrs_fs.pdf,74,28fe9a46ebe9f101c572624f0a264e1d5c0a659d441b9abac47fa10643d1a4eb,передано по программе мотивации; исходно в документе -1332089; редакция 9M2025; ранее: -14404.15 (9M2024)
shares_transferred_ltip_th,9M2025,-36923.08,тыс. шт.,IFRS,primary/2025Q3_ifrs_fs.pdf,74,28fe9a46ebe9f101c572624f0a264e1d5c0a659d441b9abac47fa10643d1a4eb,передано по программе мотивации; исходно в документе -3692308; редакция 9M2025
shares_transferred_ltip_th,FY2024,-14768.09,тыс. шт.,IFRS,primary/FY2025_ifrs_fs.pdf,84,b7f5081af385b43d2ec9ab5d37ea9769464a680fe04a6e814bcb9cf59951009d,передано по программе мотивации; исходно в документе -1476809; редакция FY2025
shares_transferred_ltip_th,FY2025,-38369.95,тыс. шт.,IFRS,primary/FY2025_ifrs_fs.pdf,84,b7f5081af385b43d2ec9ab5d37ea9769464a680fe04a6e814bcb9cf59951009d,передано по программе мотивации; исходно в документе -3836995; редакция FY2025
tax,3M2023,-4.713,RUB bn,IFRS,primary/2024Q1_ifrs_fs.pdf,7,b9c027b722c401f9420a49a348aec9b64b1733597c1685d02f5d245c7c2721d9,отчёт о прибылях и убытках и прочем совокупном доходе (старый формат); редакция 3M2024
tax,3M2024,-5.96,RUB bn,IFRS,primary/2025Q1_ifrs_fs.pdf,6,4d3d0aa57bae2832f70944e59c3814cb9fc3b90b40289ffbbca3cac3ee616a89,отчёт о прибылях и убытках и прочем совокупном доходе (старый формат); редакция 3M2025
tax,3M2025,-11.213,RUB bn,IFRS,primary/2025Q1_ifrs_fs.pdf,6,4d3d0aa57bae2832f70944e59c3814cb9fc3b90b40289ffbbca3cac3ee616a89,отчёт о прибылях и убытках и прочем совокупном доходе (старый формат); подтверждено редакцией 3M2026: -11.2 (округление)
tax,3M2026,-9.5,RUB bn,IFRS,primary/2026Q1_ifrs_fs.pdf,4,6ac85944afbf4e9f2462fc4c17756069904a06f80675cbbef47ded5c5d30d18d,отчёт о прибылях и убытках; новый формат; редакция 3M2026; редакция 3M2026
tax,6M2023,-9.524,RUB bn,IFRS,primary/2024Q2_ifrs_fs.pdf,7,be54687573adea3084658ab793ea3cfcc6853644c7b2d2ced6baf260d26bb308,отчёт о прибылях и убытках и прочем совокупном доходе (старый формат); редакция 6M2024
tax,6M2024,-12.158,RUB bn,IFRS,primary/2025Q2_ifrs_fs.pdf,6,3ee9d08203db787516f65bc287cba237dfd600fa270ebbbc092e9765361d0f13,отчёт о прибылях и убытках и прочем совокупном доходе (старый формат); редакция 6M2025
tax,6M2025,-26.451,RUB bn,IFRS,primary/2025Q2_ifrs_fs.pdf,6,3ee9d08203db787516f65bc287cba237dfd600fa270ebbbc092e9765361d0f13,отчёт о прибылях и убытках и прочем совокупном доходе (старый формат); подтверждено редакцией 6M2026: -26.5 (округление)
tax,6M2026,-23.1,RUB bn,IFRS,primary/2026Q2_ifrs_fs.pdf,4,fd08eacf4ed7e57c4c2f7bec258218fb030ebfe92415561a839d9d6247f4f5e7,отчёт о прибылях и убытках; новый формат; редакция 6M2026
tax,9M2023,-15.806,RUB bn,IFRS,primary/2024Q3_ifrs_fs.pdf,7,a3dd5e075a73198ed1aea15d1fe474de7ef2e722d878aa3c5bf5185b9cc99f5c,отчёт о прибылях и убытках и прочем совокупном доходе (старый формат); редакция 9M2024
tax,9M2024,-20.558,RUB bn,IFRS,primary/2025Q3_ifrs_fs.pdf,6,28fe9a46ebe9f101c572624f0a264e1d5c0a659d441b9abac47fa10643d1a4eb,отчёт о прибылях и убытках и прочем совокупном доходе (старый формат); редакция 9M2025
tax,9M2025,-39.203,RUB bn,IFRS,primary/2025Q3_ifrs_fs.pdf,6,28fe9a46ebe9f101c572624f0a264e1d5c0a659d441b9abac47fa10643d1a4eb,отчёт о прибылях и убытках и прочем совокупном доходе (старый формат); редакция 9M2025
tax,FY2019,-9.413,RUB bn,IFRS (старый формат),primary/t-databook-key-financial-ratios_pub2026-09-09.xlsx,PL!Z33,11386cbbb9ffb0bc472e24cbae1464ad283acf267143e104d05767bd0bc284c8,Databook: строка нового формата заполнена эмитентом числом старого формата; с 2024 г. несопоставимо; редакция DB
tax,FY2020,-12.036,RUB bn,IFRS (старый формат),primary/t-databook-key-financial-ratios_pub2026-09-09.xlsx,PL!AD33,11386cbbb9ffb0bc472e24cbae1464ad283acf267143e104d05767bd0bc284c8,Databook: строка нового формата заполнена эмитентом числом старого формата; с 2024 г. несопоставимо; редакция DB
tax,FY2021,-17.67,RUB bn,IFRS (старый формат),primary/t-databook-key-financial-ratios_pub2026-09-09.xlsx,PL!AH33,11386cbbb9ffb0bc472e24cbae1464ad283acf267143e104d05767bd0bc284c8,Databook: строка нового формата заполнена эмитентом числом старого формата; с 2024 г. несопоставимо; редакция DB
tax,FY2022,-9.01,RUB bn,IFRS (старый формат),primary/t-databook-key-financial-ratios_pub2026-09-09.xlsx,PL!AL33,11386cbbb9ffb0bc472e24cbae1464ad283acf267143e104d05767bd0bc284c8,Databook: строка нового формата заполнена эмитентом числом старого формата; с 2024 г. несопоставимо; редакция DB
tax,FY2023,-22.417,RUB bn,IFRS,primary/FY2024_ifrs_fs.pdf,20,9d301667aa0c60c38440c66e2e785473a57f5c949cdb4b93306e3f3b90780078,отчёт о прибылях и убытках и прочем совокупном доходе (старый формат); редакция FY2024
tax,FY2024,-30.094,RUB bn,IFRS,primary/FY2025_ifrs_fs.pdf,10,b7f5081af385b43d2ec9ab5d37ea9769464a680fe04a6e814bcb9cf59951009d,отчёт о прибылях и убытках и прочем совокупном доходе (старый формат); редакция FY2025
tax,FY2025,-61.016,RUB bn,IFRS,primary/FY2025_ifrs_fs.pdf,10,b7f5081af385b43d2ec9ab5d37ea9769464a680fe04a6e814bcb9cf59951009d,отчёт о прибылях и убытках и прочем совокупном доходе (старый формат); редакция FY2025
yandex_dividends,FY2025,3.11,RUB bn,"IFRS (пакет 9,9 % МКПАО «Яндекс», в бумагах FVTPL)",primary/FY2025_ifrs_fs.pdf,37,b7f5081af385b43d2ec9ab5d37ea9769464a680fe04a6e814bcb9cf59951009d,прим. 8: дивидендный доход по пакету до вычета налога; редакция FY2025
yandex_reval,6M2025,5.652,RUB bn,"IFRS (пакет 9,9 % МКПАО «Яндекс», в бумагах FVTPL)",primary/2025Q2_ifrs_fs.pdf,23,3ee9d08203db787516f65bc287cba237dfd600fa270ebbbc092e9765361d0f13,прим. 8: с даты приобретения (май 2025 г.); весь эффект — во 2К2025; подтверждено редакцией 6M2026: 5.7 (округление)
yandex_reval,6M2026,-35.2,RUB bn,"IFRS (пакет 9,9 % МКПАО «Яндекс», в бумагах FVTPL)",primary/2026Q2_ifrs_fs.pdf,38,fd08eacf4ed7e57c4c2f7bec258218fb030ebfe92415561a839d9d6247f4f5e7,"прим. 16: до налога, 100 % пакета; редакция 6M2026"
yandex_reval,9M2025,-4.417,RUB bn,"IFRS (пакет 9,9 % МКПАО «Яндекс», в бумагах FVTPL)",primary/2025Q3_ifrs_fs.pdf,23,28fe9a46ebe9f101c572624f0a264e1d5c0a659d441b9abac47fa10643d1a4eb,прим. 8: с даты приобретения (май 2025 г.); редакция 9M2025
yandex_reval,FY2025,20.95,RUB bn,"IFRS (пакет 9,9 % МКПАО «Яндекс», в бумагах FVTPL)",primary/FY2025_ifrs_fs.pdf,37,b7f5081af385b43d2ec9ab5d37ea9769464a680fe04a6e814bcb9cf59951009d,прим. 8: с даты приобретения; редакция FY2025
